date,region,product,volume,unit_price,discount_rate,inventory_units,supplier_delay_days,revenue,cost,gross_margin
2026-05-01,North,A,22.20468085052075,11.240003973439876,0.09125676793709686,763.4275367942314,2.440564716391214,226.80477287710306,152.55873091029173,0.3273566117016526
2026-05-01,North,B,20.0,10.23196010079182,0.07525636111484627,840.2869250698494,1.4831988424957112,189.23880033067866,130.57477222816826,0.3100000000000001
2026-05-01,North,C,20.15401498040831,9.294447983857237,0.08099046046341825,932.7256539576432,2.6272412069680326,172.1492748955076,122.87385988959518,0.28623655275819176
2026-05-01,North,D,20.0,8.592187696020625,0.06561676098756503,896.5051862309623,2.3784503013072724,160.56792339221084,115.97350671632019,0.2777292981921564
2026-05-01,North,E,20.0,7.429767613899014,0.09833812008011045,870.0170524485825,1.3454705179311979,133.98276468232194,97.80741821809501,0.2700000000000001
2026-05-01,South,A,20.0,11.633077296388338,0.08548166096546117,930.1574702105518,1.9127326115959884,212.77325053906932,142.55807786117646,0.32999999999999996
2026-05-01,South,B,27.01675898915977,10.098396245903846,0.07231635906392694,943.1185595802847,0.6862272717521223,253.0961590906122,174.6363497725224,0.31
2026-05-01,South,C,20.141324561211093,9.071513135586281,0.06739765284556208,945.541495147729,0.6755187843087604,170.39791081118213,120.98251667593931,0.29000000000000004
2026-05-01,South,D,20.0,8.635788567076299,0.07001735439066958,908.168006639851,1.7321613230667197,160.6226699706485,115.64832237886692,0.27999999999999997
2026-05-01,South,E,20.0,7.817857194487047,0.08335393323162024,904.7305348642224,2.178913563071895,143.32416095766862,104.78049331696545,0.2689265186215687
2026-05-01,East,A,23.781180081338402,11.657822056459635,0.058142662702165004,867.0739141995043,1.1803287836426986,261.1174819252436,174.94871288991322,0.33
2026-05-01,East,B,20.0,10.131214437193329,0.10242411966851594,967.7794848214037,0.6341688843067568,181.87067434581687,125.49076529861362,0.31000000000000005
2026-05-01,East,C,20.0,9.016278742503555,0.08244129597657508,949.7858605854999,2.086222331359278,165.45930076171035,117.56170126075484,0.2894826660118444
2026-05-01,East,D,20.0,8.412818731937891,0.0730647231100315,886.608697258287,2.357975881257154,155.96276921427923,112.62817929279777,0.2778521447124571
2026-05-01,East,E,20.0,7.316678196499129,0.06620821570997583,909.9698015249396,1.997160744053764,136.64507976369674,99.75090822749861,0.2700000000000001
2026-05-01,West,A,24.753955085639898,11.393186838415867,0.08237809536615072,878.3457422195833,2.125590393967337,258.7936346991416,173.5867472156535,0.3292464576361959
2026-05-01,West,B,20.542329029473674,10.034518514733337,0.07455419230152392,816.2912248087672,1.1182621060016709,190.76434781069483,131.62739998937943,0.31000000000000005
2026-05-01,West,C,20.0,8.982649414949318,0.08018741178091532,931.2571823220961,1.9807466589059088,165.2470801485836,117.32542690549434,0.2900000000000001
2026-05-01,West,D,20.0,8.475378628872644,0.07365052531933769,781.8865896229379,1.420281789093601,157.02325081151773,113.05674058429275,0.2800000000000001
2026-05-01,West,E,20.0,7.269325096911399,0.06504129758597778,836.6164661247957,1.8997742267234365,135.93037520067935,99.22917389649592,0.27
2026-05-02,North,A,20.0,11.824807074446516,0.07465604043407861,834.6467623993086,2.2375155684670864,218.84027598742918,146.93485274690545,0.32857490658919747
2026-05-02,North,B,20.0,9.962494486272353,0.07491450386149157,779.0875703765356,2.3403081374573955,184.3231830922083,127.55935640839368,0.30795815117525566
2026-05-02,North,C,20.0,9.15943390058307,0.07108775066454809,905.0490655399709,0.05394214561154542,170.16620694460022,120.81800693066614,0.2900000000000001
2026-05-02,North,D,20.0,8.558169052838675,0.08032778218285165,883.2451060768883,3.101778891320915,157.4142062655646,114.37884240915112,0.2733893266520745
2026-05-02,North,E,20.0,7.6448189087390785,0.08329995025957648,958.4577872140205,2.8591875752404365,140.16011747795287,103.03942874779337,0.26484487454855743
2026-05-02,South,A,20.445109041530195,11.86582572280489,0.06216855418515724,835.1396841016133,0.8602484672502523,227.5161275975703,152.4358054903721,0.32999999999999996
2026-05-02,South,B,20.0,9.855828463110923,0.08952726420221607,797.043559384814,1.2777773029012267,179.46926208724543,123.83379084019933,0.3100000000000001
2026-05-02,South,C,20.0,9.178378461862549,0.09257189851841571,1103.970372620513,3.4967308916917865,166.57437084654794,119.76370534070993,0.28101961464984937
2026-05-02,South,D,20.0,8.252615469992033,0.04801930578903037,843.0941233282772,1.767711462343836,157.1266120835841,113.13116070018054,0.28
2026-05-02,South,E,20.0,7.446975800235047,0.07788813670375422,910.9933997211741,2.565980230787644,137.33889462153581,100.72377966936524,0.26660411861527417
2026-05-02,East,A,21.112928038116628,11.241086561793548,0.05487975582943465,896.2352214427176,1.0136920909266691,224.30751562841877,150.28603547104058,0.33
2026-05-02,East,B,27.6163086164509,10.23256863036822,0.09474109266534586,817.0539363508083,1.000704401460848,255.81328830727264,176.5111689320181,0.31000000000000005
2026-05-02,East,C,20.0,8.918693483866061,0.11192704598652747,958.6942442615441,0.6786133207756139,158.40900936315285,112.47039664783851,0.29000000000000004
2026-05-02,East,D,20.0,8.732893253218561,0.08577426449158795,897.1466231705197,1.3433621023419096,159.67671515080377,114.96723490857872,0.27999999999999997
2026-05-02,East,E,20.0,7.71151805037052,0.0731752477948883,810.5443697976266,0.27439423623275183,142.94451612319807,104.34949676993459,0.27
2026-05-02,West,A,21.75487041269335,11.894772814102609,0.08239987420360158,920.007829772178,1.3813616738901175,237.4466882399481,159.08928112076524,0.3299999999999999
2026-05-02,West,B,24.43737798631934,10.254845625340963,0.07383609153749394,930.012950692313,2.606288710059889,232.09810058412864,160.99200015111177,0.3063622677396407
2026-05-02,West,C,23.596441540233485,9.145808609305476,0.06163296452419249,1015.5649552561874,0.13184080075433502,202.50761820950407,143.78040892874787,0.2900000000000001
2026-05-02,West,D,22.54628248663832,8.45512019667935,0.07425219018296018,822.5068022569558,2.961444292242202,176.47671991023694,128.08127354579852,0.27423133424654683
2026-05-02,West,E,20.0,7.760831698672261,0.07408092315710615,888.5589971032841,1.4948781332799288,143.71804243935375,104.91417098072823,0.2700000000000001
2026-05-03,North,A,22.113226604380664,11.85187046532843,0.08135877360352618,756.4879529278285,2.143938793276858,240.7603379082061,161.51735491354273,0.32913636724033873
2026-05-03,North,B,20.0,9.989192432426782,0.06171780409364558,876.6113591509431,0.6218476330712492,187.45362821657076,129.34300346943382,0.31
2026-05-03,North,C,20.14168708159797,8.768401820565108,0.08045947238891626,877.0628833946628,1.0158305666664216,162.40042561649022,115.30430218770806,0.29
2026-05-03,North,D,20.0,8.634528859250981,0.10006097161164115,851.2840171830508,1.3454943207500996,155.41099024371144,111.89591297547223,0.28
2026-05-03,North,E,20.0,7.660624197817805,0.08264860037680567,906.3342847139512,0.41561192776663347,140.54968659710948,102.60127121588992,0.27
2026-05-03,South,A,20.0,12.12936850938348,0.10815266916922506,879.8831646915577,0.6467566494411799,216.35089859513025,144.95510205873728,0.3299999999999999
2026-05-03,South,B,20.0,10.052323246509127,0.0847340750538551,848.9641313579474,2.7058536208882336,184.0109786814762,127.7468841837316,0.3057648782746707
2026-05-03,South,C,20.0,8.563177742565337,0.07756001119182639,862.9392400843749,0.4375855881404369,157.9803516202874,112.16604965040405,0.29000000000000004
2026-05-03,South,D,20.0,8.47643436143686,0.05363407412965053,1049.047297841981,0.03295475460900943,160.43617305080878,115.51404459658231,0.2800000000000001
2026-05-03,South,E,20.0,7.32580360538634,0.10755370292481971,817.990335982226,4.405067169240407,130.75772601454088,97.34002667438746,0.2555695969845576
2026-05-03,East,A,20.218137385276727,11.585388887735128,0.10593046466608388,882.8305507840523,0.5131429215717626,209.42236347735465,140.31298352982762,0.32999999999999996
2026-05-03,East,B,22.794729739637475,10.308691518616653,0.07435765893154851,803.7572934141012,1.3661770354839589,217.51098911996252,150.08258249277412,0.31000000000000005
2026-05-03,East,C,20.0,9.033403127497762,0.08348254834439384,933.0076965781598,0.944672781180984,165.58543228384062,117.56565692152684,0.29
2026-05-03,East,D,20.0,8.538857331917116,0.08527634612598806,900.005907516399,1.5531553475778674,156.21389557120244,112.47400481126576,0.28
2026-05-03,East,E,20.0,7.679123565418327,0.07854070102379766,1010.134843173267,3.593168308930595,141.51999634684014,104.66238837275186,0.2604409901464164
2026-05-03,West,A,22.967347238980086,11.309235697576309,0.06331382792024873,918.3924457602997,2.691142953088865,243.29781059700844,164.0184545037721,0.3258531422814668
2026-05-03,West,B,20.43338656798455,9.76385350325645,0.0939115772233727,822.2698520909865,1.954420338214363,180.77242638459586,124.73297420537114,0.31000000000000005
2026-05-03,West,C,20.0,9.165929301089129,0.08078700197534365,892.7558212353828,1.207828814196445,168.50882705072362,119.64126720601377,0.29000000000000004
2026-05-03,West,D,20.0,8.538140628025618,0.10207237959489736,883.4204814843221,0.0,153.33264593614342,110.39950507402325,0.2800000000000001
2026-05-03,West,E,20.0,7.673998497421774,0.07442128128018065,922.9596838599876,0.0,142.0577939340293,103.70218957184139,0.26999999999999996
2026-05-04,North,A,29.636751070820925,11.116534648770966,0.09295742020547282,895.7072957919806,1.171474776877106,298.83240718396775,200.2177128132584,0.32999999999999996
2026-05-04,North,B,20.0,10.11638595691103,0.09950066892048438,1021.261812378696,2.082655241987707,182.19597574281175,125.80557997732537,0.3095040685480737
2026-05-04,North,C,21.887059444888468,9.209771669732394,0.10615901789251689,957.9591723757941,1.9389931587382987,180.17583508523632,127.92484291051778,0.29000000000000004
2026-05-04,North,D,20.0,8.516636453964802,0.06953864265049585,817.5187463819594,2.489583934594853,158.48802230016716,114.57693519338359,0.27706249639243086
2026-05-04,North,E,20.0,7.5523372356237095,0.09756870640200979,1027.445231035276,2.25086898873126,136.30930922464347,99.71097040534879,0.26849478606761246
2026-05-04,South,A,22.973873455693223,11.10698993608669,0.078995702406527,863.7204110343607,0.3279928074051841,235.01320196477852,157.4588453164016,0.33
2026-05-04,South,B,24.116142166383607,10.359383452724423,0.06951604357131881,902.2947465013383,0.4862826335596011,232.46128465771923,160.39828641382627,0.31
2026-05-04,South,C,20.0,8.932214930650854,0.08468014207326865,942.6133030557107,2.655312036106696,163.51667402588737,116.73976522593982,0.2860681277833599
2026-05-04,South,D,20.0,8.576091682257564,0.08108050359848867,1013.1346777155845,1.9138902853726931,157.61475699506622,113.48262503644767,0.28
2026-05-04,South,E,20.0,7.452224143702224,0.08886359484190032,1003.3164333637457,0.0,135.79985433450483,99.13389366418852,0.27
2026-05-04,East,A,24.521783063503293,11.71164599646085,0.07143584507717309,974.7930089192326,2.3137636899662106,266.67475048784553,179.17411994925985,0.3281174178602026
2026-05-04,East,B,20.604390100685844,10.258600223174673,0.08405514858922589,889.6729923831753,0.6366547352606183,193.60527913223044,133.587642601239,0.31
2026-05-04,East,C,20.0,9.195848466088373,0.09499736370365441,891.2493678776295,0.4414639180215907,166.44534209583367,118.1761928880419,0.29000000000000004
2026-05-04,East,D,22.527277738294867,8.31410294279686,0.0676662497406452,959.1069633339724,1.7023061918311937,174.62061637633158,125.72684379095874,0.28
2026-05-04,East,E,20.0,7.932240147609247,0.0928519097384979,938.7881550926866,2.3418200668900617,143.91433002798686,105.35261775593004,0.2679490795986596
2026-05-04,West,A,33.268265501730426,11.44870957778349,0.049947165619002296,867.9610398330223,3.1042543615171407,361.85489788248196,244.84026067660136,0.32337447383089707
2026-05-04,West,B,20.0,10.52738767121513,0.05596610688411612,787.9105444016802,0.24835278589386056,198.76421535194757,137.1473085928438,0.31000000000000005
2026-05-04,West,C,20.0,9.209909151504249,0.08786281764219156,801.1063881275344,1.7762741793285537,168.01401166448957,119.28994828178759,0.29000000000000004
2026-05-04,West,D,20.0,8.513588396347595,0.07292335949542497,949.1367538354889,1.9593857717166117,157.8549785824932,113.6555845793951,0.2800000000000001
2026-05-04,West,E,20.0,7.7900332713439635,0.08343817061172602,850.6728715991082,2.0300647056014665,142.8009429235709,104.27044794405839,0.2698196117663913
2026-05-05,North,A,20.67658907045671,11.549194024164239,0.09230792713126128,936.4817079012479,1.106258827775428,216.75499618653075,145.2258474449756,0.32999999999999996
2026-05-05,North,B,20.0,10.170614458167966,0.0924427856303611,809.2469370347667,0.0,184.60829052164988,127.37972045993841,0.31
2026-05-05,North,C,20.0,8.516595970037923,0.06982603339767235,880.0581153532198,2.2494338997277405,158.43831710799148,112.72832447048923,0.2885033966016336
2026-05-05,North,D,20.0,8.772304374177699,0.09991529198401537,994.7510122698578,1.4308620652738604,157.91634042518157,113.69976510613073,0.28
2026-05-05,North,E,20.0,7.390650444043134,0.07108399471701897,837.8306302386443,0.019463487434983717,137.30586973846874,100.23328490908219,0.26999999999999996
2026-05-05,South,A,20.0,11.70089625484465,0.10581154746748976,927.4979227781944,0.11781848462295996,209.25612630725965,140.20160462586398,0.3299999999999999
2026-05-05,South,B,20.0,10.3186742721158,0.0780337002396841,964.9807894097939,0.0,190.26939874189148,131.2858851319051,0.3100000000000001
2026-05-05,South,C,20.0,8.966524940406611,0.06395371383065465,929.9523308486442,0.8457167233124445,167.8616474062484,119.18176965843637,0.29000000000000004
2026-05-05,South,D,20.0,8.58216550057062,0.08542882780893266,876.0049694394935,2.820661655528167,156.9800232358922,113.79858164436408,0.275076030066831
2026-05-05,South,E,20.0,7.8668056041429955,0.07502767741854119,926.8363979227729,2.6145924445773767,145.53154901921965,106.77468632687948,0.26631244533253573
2026-05-05,East,A,22.644930179766398,11.587193973511575,0.10926518840189449,904.8566794592945,3.576980529053753,233.72097476943145,158.8044936541762,0.32053811682567745
2026-05-05,East,B,20.772911107256625,10.469060039366596,0.06731508450848979,898.18960064323,1.8330703726182551,202.83365005763878,139.95521853977075,0.31
2026-05-05,East,C,20.0,8.891657798512648,0.05615648760036547,821.7831120907274,0.0,167.84667055207558,119.17113609197365,0.2900000000000001
2026-05-05,East,D,20.0,8.42670210333781,0.10905846743644275,832.6536218560861,2.6059933699072984,150.1539777280868,108.65681785403306,0.27636403978055624
2026-05-05,East,E,20.0,7.498230440912418,0.07573454242939857,943.3419781882775,1.685325649415382,138.60710778879456,101.18318868582003,0.27
2026-05-05,West,A,20.52559310438235,11.76596288318359,0.06287092660786395,1081.8371608617083,1.5063390623622683,226.31982618307987,151.63428354266352,0.32999999999999996
2026-05-05,West,B,20.16272916209988,10.558303626651542,0.08137280267259812,896.0251763925116,2.080777095329797,195.56123109928413,135.03203066774995,0.3095153374280213
2026-05-05,West,C,20.0,8.905129400818645,0.0864545203843633,946.59096654194,0.6484628108142321,162.70481419020354,115.5204180750445,0.29000000000000004
2026-05-05,West,D,20.241025371431164,8.591632851809308,0.07570626899666462,878.3928861117511,1.953965579308696,160.73787652415527,115.73127109739178,0.2800000000000001
2026-05-05,West,E,20.0,7.142148478946218,0.0749658894782203,795.3457418840957,0.0,132.13461930872992,96.45827209537285,0.26999999999999996
2026-05-06,North,A,28.535883164523185,11.723796245492922,0.06920779650072814,692.4829813510844,0.0,311.3954891059763,208.63497770100415,0.32999999999999996
2026-05-06,North,B,20.0,10.80510375306185,0.08652326407195471,932.5556146650215,0.9404277139505105,197.40421815421624,136.2089105264092,0.31000000000000005
2026-05-06,North,C,20.0,9.025669159325592,0.08149216209523608,955.3564285183056,1.4138993481789515,165.80295730351713,117.72009968549716,0.29000000000000004
2026-05-06,North,D,20.0,8.667081504527,0.06967441576653861,1014.0255863336794,2.397815408410548,161.26415328596215,116.49511055590136,0.2776131075495367
2026-05-06,North,E,20.0,7.37807608607136,0.1000367650448035,998.2674974446589,1.3086560133049396,132.79994444332712,96.9439594436288,0.27
2026-05-06,South,A,20.0,11.863761394067678,0.08197228725208179,1009.5302615168933,1.7582288233226953,217.82523474366008,145.94290727825225,0.33
2026-05-06,South,B,20.0,9.96471947601876,0.07327153687957469,790.396864947364,1.9523339506431387,184.6917833087407,127.43733048303108,0.31
2026-05-06,South,C,20.0,8.965307170595564,0.09721718991100345,844.9403957427082,0.0,161.8745040156259,114.93089785109437,0.29000000000000004
2026-05-06,South,D,20.0,8.293442633409011,0.08371498851663414,882.263570173639,1.320773374550245,151.98314357179623,109.42786337169328,0.2800000000000001
2026-05-06,South,E,20.0,7.650847060154986,0.06487195937085338,946.3866179269838,2.206849640899051,143.09043241031998,104.63360488689456,0.2687589021546058
2026-05-06,East,A,25.379087464970432,11.639133360687815,0.0844462700121299,893.9034080263243,3.5350733027310675,270.44595059753766,183.68971305191425,0.32078956018361365
2026-05-06,East,B,20.0,10.011618104910655,0.06451605994133244,837.7841880738357,0.25552821239892465,187.31415902289018,129.24676972579422,0.31
2026-05-06,East,C,20.0,9.183573782124428,0.08076713087828243,963.0129194813974,0.734464722570287,168.83685753066442,119.87416884677172,0.2900000000000001
2026-05-06,East,D,20.0,8.460087923144496,0.07020625783002932,913.1581511240273,2.0484279208297993,157.32273618294994,113.31808292979953,0.27970943247502117
2026-05-06,East,E,20.0,7.583004936003898,0.08393053718111572,913.289037498621,0.6003052135122462,138.93118516556078,101.41976517085936,0.27
2026-05-06,West,A,20.0,11.834046525003043,0.09871924977589147,925.4418036487351,1.2474826656970353,213.31596660483493,142.9216976252394,0.33
2026-05-06,West,B,20.0,9.910913084933666,0.07559331619771806,950.0077537841461,0.4278669785731408,183.2342859659235,126.4316573164872,0.31000000000000005
2026-05-06,West,C,27.028821073486444,8.805846320142674,0.06743804893872211,1012.7781303949735,1.7354483683099304,221.9606036520606,157.592028592963,0.2900000000000001
2026-05-06,West,D,20.0,8.562259030576735,0.10731948276219663,810.3251555207918,0.0,152.86723640278586,110.06441021000582,0.28
2026-05-06,West,E,20.0,7.469852896786147,0.09218901931630467,775.7526558250511,1.7416597198208381,135.6242896758875,99.00573146339786,0.2700000000000001
2026-05-07,North,A,23.895956562755458,11.355615278161087,0.09911670825411859,855.4369301828435,0.8724124635630803,244.4576446080412,163.7866218873876,0.32999999999999996
2026-05-07,North,B,20.979004809666716,10.390731620584233,0.08672149045904305,937.6624107949776,0.0,199.08303300956186,137.36729277659768,0.31
2026-05-07,North,C,20.0,9.158819027897065,0.0586439834690141,843.5380766984839,1.9463221475430637,172.43418792458758,122.42827342645717,0.2900000000000001
2026-05-07,North,D,20.0,8.6784550341206,0.08362466782515127,1001.5825194314745,0.8860231986071029,159.05444229313505,114.51919845105724,0.28
2026-05-07,North,E,20.0,7.608026918492733,0.08403370171517902,932.979540537995,0.8803340658713864,139.37392507566125,101.74296530523272,0.26999999999999996
2026-05-07,South,A,20.0,11.397090419445949,0.10043963959705011,731.1053768349357,0.4594139474875669,205.0474153052361,137.3817682545082,0.32999999999999996
2026-05-07,South,B,24.866163990252005,10.83733198815175,0.07392096101826003,878.2661216662839,0.0,249.5624413780471,172.19808455085249,0.3100000000000001
2026-05-07,South,C,20.0,9.052519039744436,0.06329917937117227,936.715516270026,2.0795611424764773,169.59004026573402,120.4898852528082,0.28952263314514115
2026-05-07,South,D,20.0,8.674799182923723,0.11079027472918837,876.3872386552046,1.6719603324370598,154.2743159645413,111.07750749446973,0.2800000000000001
2026-05-07,South,E,20.0,7.75381419174214,0.054039925917391735,872.6675235376033,1.6643907029773022,146.69597294486348,107.08806024975034,0.27
2026-05-07,East,A,32.263541976891744,11.45645681654876,0.1050183141667928,941.1081416761955,0.39625930221799277,330.80838909948267,221.6416206966534,0.32999999999999996
2026-05-07,East,B,21.332215815051732,9.982738188033803,0.08266094171955411,877.334580699938,2.7125188368316007,195.3509534315331,135.6273052724357,0.30572488697901046
2026-05-07,East,C,20.0,9.095609293380639,0.06646365357811232,894.2888561220416,1.1576590613361177,169.82163736447058,120.5733625287741,0.2900000000000001
2026-05-07,East,D,20.0,8.096085415169831,0.08723100253288288,720.4678960725603,0.9772813038303196,147.79711535625432,106.41392305650311,0.28
2026-05-07,East,E,20.0,7.66809243881856,0.06929187763945274,958.5065527420036,0.1831697889417585,142.73511831639863,104.19663637097099,0.27
2026-05-07,West,A,23.705224797501096,12.095650570671019,0.08630282898087406,888.3150448924005,1.8877031412620149,261.9844956979293,175.52961211761263,0.32999999999999996
2026-05-07,West,B,22.90542649431734,10.356271300312038,0.09877587512847792,869.5214768939227,0.9786770813627153,213.78371047212357,147.51076022576527,0.31
2026-05-07,West,C,20.0,9.297700430294746,0.10247561660445098,870.2658390544836,1.0411595068506994,166.89825691393648,118.4977624088949,0.29
2026-05-07,West,D,20.0,8.438559624996774,0.09428080479709836,842.1306467158174,0.0,152.85930864447553,110.05870222402238,0.28
2026-05-07,West,E,20.0,7.019910996903463,0.06554542333446794,885.9226741836819,0.5848438841540738,131.1957591768228,95.77290419908064,0.27
2026-05-08,North,A,26.24592491004991,11.438734837202324,0.0645377941959327,973.4421535008945,1.443045458786471,280.8446276966391,188.16590055674823,0.32999999999999996
2026-05-08,North,B,20.0,9.972356279019637,0.08837823438911335,945.3239283496632,1.2784638842691995,181.82034076761389,125.45603512965357,0.31000000000000005
2026-05-08,North,C,20.0,9.27541591202239,0.06447382828939038,885.251698994579,1.4879153492117325,173.54788678395957,123.21899961661128,0.29000000000000004
2026-05-08,North,D,20.0,8.109130513032827,0.09028623552911993,828.440380284687,1.149047617782022,147.53975291193544,106.22862209659351,0.28
2026-05-08,North,E,20.0,7.8820047143373255,0.04578893231942116,835.3979490673313,0.00336131009667362,150.4219226786235,109.80800355539516,0.26999999999999996
2026-05-08,South,A,26.33250214921035,11.570646745729825,0.0915097586069184,821.6324887310632,0.3598390808737695,276.8025136600893,185.45768415225984,0.3299999999999999
2026-05-08,South,B,20.0,10.214568582733861,0.08823108228296189,919.4700608518239,1.3123290090715478,186.26652283251423,128.5239007544348,0.31000000000000005
2026-05-08,South,C,20.0,9.294441847271232,0.09210512422916706,742.6912011261401,0.0,168.7675225257509,119.82494099328314,0.29000000000000004
2026-05-08,South,D,20.0,8.796931273315485,0.06469065470729994,906.932437470504,0.0,164.5570405965917,118.48106922954601,0.28
2026-05-08,South,E,20.0,8.049398630608579,0.08774446358152177,837.4808564890596,1.128283303414305,146.86216931223987,107.2093835979351,0.27
2026-05-08,East,A,22.392839546241753,11.425183824028686,0.06477398141406776,1024.9617881450492,3.5487556508632867,239.27038324424618,162.53458492244744,0.3207074660948203
2026-05-08,East,B,24.825028921681557,9.969787400547718,0.09282528986445918,930.9781936942837,2.139626409497902,224.52597713345256,155.11102275823916,0.30916224154301264
2026-05-08,East,C,23.265913449800586,9.258842785715318,0.09110021354456503,923.8553985601474,2.13690628337221,195.79104277778157,139.17247051613055,0.28917856229976685
2026-05-08,East,D,20.0,8.520905269352639,0.07165712061726312,1017.7271633510577,0.22015904235997952,158.20643465396728,113.90863295085644,0.27999999999999997
2026-05-08,East,E,21.408167040364795,7.939805150073902,0.08382820125283812,900.8437226421278,2.8506251209526567,155.7278360071875,114.47611634128272,0.2648962492742842
2026-05-08,West,A,22.31551469978995,11.226632157384504,0.0859548695674826,808.8143518215875,1.560385928424417,228.99396693302478,153.42595784512662,0.3299999999999999
2026-05-08,West,B,20.0,10.180067609035797,0.1069634174996696,900.8011807364027,2.3942133285134095,181.82345574391275,125.8882478414435,0.30763472002891956
2026-05-08,West,C,20.0,9.11105309452605,0.07695629022806678,889.4263685675149,0.41757280261171315,168.19800496600752,119.42058352586533,0.2900000000000001
2026-05-08,West,D,20.0,8.187421115269213,0.08766832721821302,774.9304742042345,1.891264659933235,149.3928720372497,107.56286786681979,0.27999999999999997
2026-05-08,West,E,20.0,7.848925346474981,0.09588835608344481,902.7239244831022,2.525836842885239,141.92609595959624,104.05382987183978,0.2668449789426886
2026-05-09,North,A,20.0,11.229075293160484,0.08516907357125536,990.1131778123546,1.879280034365163,205.45410706760265,137.65425173529377,0.33
2026-05-09,North,B,22.885693667035866,10.166942835867207,0.06133691181708696,915.2061836367367,1.1808934029891023,218.40581756378313,150.70001411901035,0.31000000000000005
2026-05-09,North,C,20.0,8.955526472980585,0.08379327222454848,856.0353741392238,0.9960422585893896,164.10227210631945,116.51261319548681,0.29
2026-05-09,North,D,20.0,8.3995018549677,0.08366156583467528,820.2399699235898,1.7732040228521226,153.93572755099683,110.83372383671771,0.2800000000000001
2026-05-09,North,E,20.0,7.959444234979115,0.0625688073089857,769.6708392730242,0.0,149.2286260470818,108.93689701436972,0.26999999999999996
2026-05-09,South,A,20.0,11.507729319508174,0.07823583716862319,712.9015896827943,2.7141898289285016,212.14824964573083,143.04841199537145,0.325714861026429
2026-05-09,South,B,20.0,10.590359550450893,0.06308328852662429,847.2975657939966,1.1201934882101048,198.44569686658215,136.92753083794167,0.31000000000000005
2026-05-09,South,C,20.0,9.01843449874424,0.10141227925526758,876.4842542471897,3.3373866754875205,162.077090018245,116.37529235650709,0.28197567994707495
2026-05-09,South,D,21.965803567510786,8.508894119246156,0.10630536540051622,909.1740478232301,1.4067013503465082,167.0357247117005,120.26572179242436,0.2800000000000001
2026-05-09,South,E,20.0,8.394713419841883,0.09276928362267184,967.82985091931,0.7927354700485364,152.31883739331045,111.19275129711663,0.26999999999999996
2026-05-09,East,A,20.09693953788836,11.377562454274697,0.09362902039838167,919.5003140158265,1.531085587771153,207.2455174056495,138.8544966617852,0.3299999999999999
2026-05-09,East,B,20.0,10.284145781651358,0.08637448846154223,946.6600868026674,0.0,187.9171590099459,129.66283971686266,0.31
2026-05-09,East,C,20.0,8.739425216110147,0.07912383134211977,851.4545684799403,1.5839810033144543,160.9585681856716,114.28058341182683,0.29000000000000004
2026-05-09,East,D,20.0,8.164456208407273,0.07389584376841161,896.7388910762462,0.9151258650669993,151.2227365595354,108.88037032286549,0.28
2026-05-09,East,E,20.0,7.348026762594113,0.09086424016184343,767.5637622681663,1.5630023683346996,133.60707788244218,97.5331668541828,0.27
2026-05-09,West,A,20.0,11.496920176767672,0.07668549023320469,898.0412280428848,1.3965798864253665,212.30546433680442,142.24466110565896,0.33
2026-05-09,West,B,20.0,10.436912402462074,0.06333342648623663,823.4673299478832,0.3280284070992052,195.518139561549,134.9075162974688,0.3100000000000001
2026-05-09,West,C,20.0,9.41123684466161,0.07352990842640734,780.7204996172737,0.0,174.38458922588822,123.81305835038063,0.29000000000000004
2026-05-09,West,D,20.0,8.360567778126196,0.07387417059117911,878.1777568424287,1.538581122980917,154.85875535691574,111.49830385697932,0.2800000000000001
2026-05-09,West,E,20.0,7.430995673579657,0.06706523060786686,792.5050551051717,1.9788755385204615,138.65268470169954,101.21645983224066,0.2700000000000001
2026-05-10,North,A,22.373812386986007,11.525638295931566,0.07778836265122749,856.4454788293698,3.0882761071492624,237.8129917469399,160.88754165177704,0.3234703433571043
2026-05-10,North,B,27.80893701866553,10.143642137692975,0.06084475332544658,824.6628359776862,1.5699195809948252,264.9205797090697,182.7951999992581,0.31000000000000005
2026-05-10,North,C,20.0,9.199258325003873,0.08833373132975188,969.1183601532481,0.8778322997457418,167.73307023379996,119.09047986599796,0.2900000000000001
2026-05-10,North,D,20.0,8.859075439140822,0.08794120110688583,768.344110041816,2.8634287120856987,161.59995408652532,117.18914718367844,0.27481942772748585
2026-05-10,North,E,20.0,7.383248685919143,0.08178838791691088,888.3689510635187,0.9285507808032627,135.58769356616332,98.97901630329922,0.2700000000000001
2026-05-10,South,A,28.202199952575366,11.457570050894905,0.08620688475785321,905.2999301569783,1.267730670075765,295.2727645339861,197.8327522377707,0.32999999999999996
2026-05-10,South,B,20.0,10.31208101649329,0.09747961303320765,921.6734057336416,3.1473939976033294,186.13726698876874,129.71615091948962,0.30311563601438013
2026-05-10,South,C,20.0,8.812283872703608,0.0786818488637657,960.6178046892007,2.440289464883589,162.37834169773885,115.71758344444328,0.28735826321069846
2026-05-10,South,D,20.0,8.721598489891988,0.08736150063490729,920.2551409869977,2.700306258259322,159.19333115759767,115.28810294996721,0.27579816245044403
2026-05-10,South,E,20.0,7.683960314233255,0.03604108436220837,644.6111022349652,1.8828857363850495,148.14044104624227,108.14252196375686,0.26999999999999996
2026-05-10,East,A,20.0,11.612942150235247,0.08716294005900194,850.1528570684743,0.33757121986006955,212.0144793937127,142.0497011937875,0.32999999999999996
2026-05-10,East,B,25.760746802399414,10.078992467106831,0.11364380468604478,928.5625323816887,1.4980801468236538,230.13562584658465,158.7935818341434,0.31000000000000005
2026-05-10,East,C,24.89152031189637,9.132756779048355,0.06496484028963798,897.5072484666937,1.39027254830571,212.55986060648715,150.91750103060588,0.29
2026-05-10,East,D,20.0,8.436041982164793,0.06886711859003845,902.4228311929679,2.424357757187434,157.10152157097016,113.51309902716605,0.27745385345687545
2026-05-10,East,E,20.0,7.573454517344356,0.08334683027609249,830.0201439931433,2.11681419968978,138.844621781671,101.45388804086778,0.26929911480186125
2026-05-10,West,A,20.0,11.776169803850632,0.07381494691692904,931.0668896568174,0.0831579074031259,218.13824909789312,146.1526268955884,0.3299999999999999
2026-05-10,West,B,20.34951858118993,9.817321185685822,0.08344222573195409,926.2070516194384,2.2355830924283735,183.10785894902293,126.60324536878072,0.30858650144542976
2026-05-10,West,C,20.0,8.748932725477312,0.08496560232494293,866.2046888892748,1.1973802405295535,160.11148773513455,113.67915629194552,0.29000000000000004
2026-05-10,West,D,20.0,8.869818627668558,0.10691555081900539,892.3186072858872,2.814807871505905,158.42994166853398,114.8440977826669,0.2751111527709647
2026-05-10,West,E,20.0,7.79170571794606,0.08181766923949194,957.6627192313327,1.6307641879115444,143.08413033407382,104.45141514387389,0.27
2026-05-11,North,A,20.703586769870338,11.317678265906585,0.07378290401246212,900.2095303839969,2.1339103777337423,217.0279796741566,145.58312017410668,0.32919653773359747
2026-05-11,North,B,20.0,10.367519810550547,0.07437737805653585,926.5189822420876,2.256248163629806,191.92821740185207,132.72555752682572,0.3084625110182212
2026-05-11,North,C,20.0,9.460576197796561,0.07248882884364626,826.8469403289588,0.0,175.49580218064426,124.60201954825742,0.29000000000000004
2026-05-11,North,D,20.0,8.513043329664383,0.07589224241680645,943.3791375837735,1.1631680323594071,157.33938763169434,113.28435909481992,0.28
2026-05-11,North,E,20.0,7.679011967661071,0.08614742685993039,752.443266075579,2.116134668002238,140.3496969164092,102.55307554171232,0.26930319199198655
2026-05-11,South,A,20.0,10.954947483877632,0.08054089890196693,973.1872592352777,1.4953670277756548,201.45252332204572,134.97319062577063,0.33
2026-05-11,South,B,22.498171963605603,10.250693762063092,0.0724945838390465,863.045765387298,1.9851611125457378,213.90303444245376,147.59309376529308,0.31000000000000005
2026-05-11,South,C,20.0,9.346534079240191,0.07163342981015865,947.4180958084612,2.305678639242501,173.54019572613367,123.53182415085556,0.288165928164545
2026-05-11,South,D,20.0,8.74347353205435,0.09047849518057258,846.6373579380644,1.6019258873726574,159.04754408445814,114.51423174080986,0.27999999999999997
2026-05-11,South,E,20.0,7.465584355774244,0.0881389169493794,930.6258574033909,0.5443748325986021,136.1515167252414,99.39060720942622,0.27
2026-05-11,East,A,20.0,11.448982853890287,0.08164471631861013,803.5879041135743,3.9451301450589167,210.28467793295565,143.34492061162865,0.31832921912964657
2026-05-11,East,B,26.800072832450667,10.23746060349682,0.08616757877023945,931.1308772736663,1.6183479133882046,250.72334877354336,172.9991106537449,0.31000000000000005
2026-05-11,East,C,20.0,9.463512545364365,0.07315293283662916,854.8943015850884,2.6322345721792475,175.42457695469457,125.2169065319972,0.2862065925669246
2026-05-11,East,D,20.0,8.232009361927446,0.0868253558052128,894.5850674125402,2.9451259569265336,150.34524440172507,109.10114712714925,0.27432924425844085
2026-05-11,East,E,20.0,7.321345759233018,0.07656061019671538,836.0985409296821,0.0,135.21638120890006,98.70795828249705,0.26999999999999996
2026-05-11,West,A,22.76393023054568,11.82975329943535,0.12213816291844254,1000.4710109651808,0.9134149149290993,236.40088782080957,158.3885948399424,0.33
2026-05-11,West,B,20.0,10.162188088313405,0.08648891677589228,907.7277007928553,1.5619164836799593,185.66542896964606,128.10914598905578,0.31
2026-05-11,West,C,20.0,8.750472585050288,0.056845621962168774,880.630993694,2.1532448832812268,165.06093056980396,117.34502916279756,0.2890805307003127
2026-05-11,West,D,20.0,8.50212640668079,0.09192398379373441,854.0761544351323,1.6803639430263981,154.41154153321565,111.17630990391527,0.28
2026-05-11,West,E,20.0,7.994796375745407,0.0874183498298428,986.9371997769667,2.47366351134409,145.91808938704273,106.93490170006731,0.26715801893193547
2026-05-12,North,A,27.225142721636573,11.653524794278155,0.08897520570612324,823.186362781707,2.0196605733465027,289.0398122517387,193.69077033923793,0.329882036559921
2026-05-12,North,B,21.996169618252786,9.861046507218362,0.06808100817312418,958.8154113885938,2.8035650678080875,202.13812338021694,140.44989194127342,0.3051786095931515
2026-05-12,North,C,23.87481707861141,9.032081404078177,0.06271626738084848,907.1421908068402,1.2595628029296573,202.11519990665005,143.50179193372153,0.29
2026-05-12,North,D,20.0,8.783420119689175,0.07458094362494833,830.7960995395775,1.8520344718029242,162.566887178168,117.04815876828096,0.28
2026-05-12,North,E,20.0,7.600777137546409,0.06875279992573224,887.1076977439345,1.2641706378251472,141.56404855457203,103.34175544483757,0.27
2026-05-12,South,A,20.0,11.94283531056692,0.0785233099653818,753.1784329672901,1.2561038898226622,220.10088703219535,147.46759431157088,0.33
2026-05-12,South,B,20.0,10.134231643885911,0.06971220985735035,888.4543557222647,2.881707593377797,188.55503921568672,131.10047951790054,0.3047097544397333
2026-05-12,South,C,21.565020826358793,9.11542615851259,0.08055841754632365,900.2657376135021,1.411203552287499,180.73863598454193,128.32443154902475,0.2900000000000001
2026-05-12,South,D,21.826424647545885,7.920097318312195,0.04997681383341982,901.0169517356298,0.9568291689438861,164.22804508590522,118.24419246185175,0.28
2026-05-12,South,E,20.0,7.718271799506868,0.07423631130679145,972.1136782206912,2.5190436932417626,142.90591542896496,104.76636474792649,0.2668857378405494
2026-05-12,East,A,24.22090698714095,11.74066439312171,0.08408967895148194,948.8471787300003,0.9385169732171164,260.4569968912619,174.50618791714547,0.33
2026-05-12,East,B,20.525023753564636,10.200334961688622,0.10209430358284362,800.7621080888301,0.0,187.98743781213042,129.71133209036998,0.31000000000000005
2026-05-12,East,C,20.0,9.009184838107798,0.07618087745350954,831.0389377382421,0.0,166.45714463999784,118.18457269439845,0.29000000000000004
2026-05-12,East,D,20.0,9.114356023018972,0.1070261292162072,874.5491696785241,1.0882505823153508,162.77763555153655,117.19989759710631,0.28
2026-05-12,East,E,20.0,7.122967396693683,0.07824679720387215,894.0604627836593,0.5021480167559743,131.312360226296,95.85802296519607,0.27
2026-05-12,West,A,20.0,11.309506385422436,0.08222940642954246,929.223037111941,1.8662095977839375,207.59064776676058,139.0857340037296,0.3299999999999999
2026-05-12,West,B,20.0,10.41367143253389,0.06799682455097225,899.2552926367265,2.1328579146073063,194.11149686408822,134.09166832826884,0.3092028525123563
2026-05-12,West,C,20.0,9.020950573854703,0.08548045613095652,890.1308471788907,2.112965380474599,164.99671208133577,117.25949907589235,0.28932220771715245
2026-05-12,West,D,22.47348480220688,8.751877692746639,0.07615018825400371,1035.365543963173,2.2501218121369444,181.7075760491703,131.1021489246052,0.27849926912717843
2026-05-12,West,E,22.500643303230806,7.293000029794375,0.06610200333264274,825.9203264413654,2.984918786733851,153.25003912982848,112.77816162041478,0.26409048727959694
2026-05-13,North,A,20.0,11.378451467325238,0.08630340064211879,854.4605465716086,1.3976032933889035,207.92904823307526,139.31246231616043,0.32999999999999996
2026-05-13,North,B,20.0,10.021915733896822,0.06680735557011586,920.8257749829888,3.7816328772760617,187.04756091937276,131.0623175392567,0.29931020273634373
2026-05-13,North,C,20.979754902845514,8.97773063297027,0.07721064984220927,714.3804165556559,0.786446018629645,173.80791694549833,123.40362103130381,0.29000000000000004
2026-05-13,North,D,20.0,8.047345330004902,0.04625324333072589,992.7468975567142,0.3046410257018972,153.50259016579608,110.52186491937317,0.28
2026-05-13,North,E,20.0,7.922640940580293,0.08616473865351314,836.9372103286797,2.2825588257151592,144.79977308979136,105.94932107863612,0.2683046470457091
2026-05-13,South,A,22.5990010251807,11.682178558518586,0.0713502906164946,939.6331431002383,2.0595403706161663,245.16869141746483,164.3506078582043,0.3296427577763029
2026-05-13,South,B,20.0,9.91930789193225,0.06223807502152592,922.890690815252,1.5865055419214618,186.03898526385115,128.36689983205727,0.3100000000000001
2026-05-13,South,C,20.0,9.106646335331524,0.08855805554207728,1008.6316084085742,2.118190714665301,166.00358886730362,117.98026859261697,0.28929085571200813
2026-05-13,South,D,20.0,8.249677141810864,0.10525379314307035,973.14109687181,0.9690234954442852,147.62734660859175,106.29168955818605,0.2800000000000001
2026-05-13,South,E,20.0,7.496962655385758,0.052884547103376006,790.8431735286074,1.328435489783652,142.0097836140952,103.6671420382895,0.26999999999999996
2026-05-13,East,A,28.290393955903788,11.879198164284812,0.06804633516054964,849.2225934594417,1.8019707425192713,313.1990548959318,209.84336678027432,0.32999999999999996
2026-05-13,East,B,20.0,10.393623675966342,0.07942192607234881,866.2437264907956,3.2396480419310114,191.3628412949986,133.46369592260723,0.3025621117484139
2026-05-13,East,C,22.86631806366001,9.124353353239446,0.0919366701461635,896.5308813713892,1.0528423426700533,189.45866540143638,134.51565243501983,0.29
2026-05-13,East,D,20.0,8.290985721288553,0.08993122301872629,941.5488286433897,2.150249005578364,150.90734470684555,108.78933025978884,0.27909850596652985
2026-05-13,East,E,21.0870555705539,7.962336200309076,0.07437582965226297,856.3479517519252,1.8730523184341783,155.41435857354207,113.4524817586857,0.2700000000000001
2026-05-13,West,A,22.484845756490028,11.350062637720283,0.10430105463704077,884.7379610326905,1.8636981503429628,228.5863188607922,153.15283363673078,0.33
2026-05-13,West,B,25.14072358149667,9.657346147551147,0.04978846107702066,904.2327913682158,2.295838655219774,230.70439662501906,159.59554134196816,0.3082249680686814
2026-05-13,West,C,20.0,8.768400974170362,0.07965149433724451,957.6939733857104,3.503509410401342,161.39969467259084,116.04977897619635,0.280978943537592
2026-05-13,West,D,20.0,8.390236522473765,0.07408140722195909,918.0348294644813,0.0,155.37351987927664,111.86893431307918,0.28
2026-05-13,West,E,20.0,7.206095168207346,0.07007874661539776,832.4254163633866,0.3425353677665779,134.02202101656204,97.83607534209028,0.27
2026-05-14,North,A,21.586312682360905,10.978899461252881,0.08921405657535596,882.4228188374161,2.253855069933682,215.8507644196477,144.9487810265459,0.32847686958039785
2026-05-14,North,B,20.0,9.950895343499402,0.09849352901154045,875.6733611464537,0.0,179.41593088587283,123.79699231125224,0.31000000000000005
2026-05-14,North,C,20.0,9.30114257539621,0.06987329071784808,939.5822293418365,1.9039540207356116,173.02482272434793,122.84762413428702,0.2900000000000001
2026-05-14,North,D,23.393732230817704,8.449264514081158,0.08564066554433918,983.328949430562,0.014944520872564038,180.73211206103525,130.12712068394538,0.28
2026-05-14,North,E,20.0,7.459811458978063,0.07966628307726184,916.0139020250257,0.0,137.3103201516823,100.23653371072808,0.27
2026-05-14,South,A,24.450723549016345,11.573233455874323,0.05616653653731912,951.9420232085644,1.3761907056703404,267.08026611837954,178.9437782993143,0.33
2026-05-14,South,B,20.0,9.93130849654557,0.0931481540612228,928.8380107488728,1.7700954341972865,180.12450885359624,124.2859111089814,0.31000000000000005
2026-05-14,South,C,24.241010940509923,9.21713819462655,0.08986832015649769,885.0336809336657,4.210745527218326,203.35322210194772,147.07816104962677,0.27673552683669006
2026-05-14,South,D,20.0,8.606949099561783,0.08658486544083342,827.7322086311607,0.9732846080537918,157.23435139840245,113.20873300684976,0.2800000000000001
2026-05-14,South,E,22.756874787245415,7.681710867597006,0.06901571927896887,892.3598393907066,2.4159303022795986,162.74697491810412,119.21144008105267,0.26750441818632237
2026-05-14,East,A,21.76000968052236,11.640568217978624,0.060621765976524654,1033.9068365412227,1.8526272039171725,237.9434518597171,159.42211274601047,0.32999999999999996
2026-05-14,East,B,22.06610280708214,10.105946974054133,0.07239342079357637,882.2226125366553,1.0896600266548906,206.8552142297538,142.7300978185301,0.3100000000000001
2026-05-14,East,C,20.0,9.329077860268642,0.05400186345186525,873.4219432400207,2.362000050412134,176.5058054305319,125.70249251846096,0.28782799969752726
2026-05-14,East,D,20.0,8.218253022449783,0.09992946600274154,967.1713368025052,2.745634960171873,147.9401477288192,107.17876244170742,0.27552619023896874
2026-05-14,East,E,20.0,7.8072802677665125,0.08607282631453564,898.2991831360429,0.0,142.7057117858029,104.1751696036361,0.27
2026-05-14,West,A,23.78114412986526,11.639018818455789,0.08265892050423283,1003.1527974577167,1.7912314168473797,253.9100888909328,170.11975955692498,0.33
2026-05-14,West,B,24.95171670786678,9.483236261554314,0.07523842167743477,777.353099909112,1.3353489724560488,218.81988176320542,150.98571841661172,0.3100000000000001
2026-05-14,West,C,20.0,9.412189443102626,0.06370148210614116,835.8923565892494,1.8364009386898723,176.25238051426427,125.13919016512763,0.29000000000000004
2026-05-14,West,D,20.0,8.869348408542509,0.07186163269832263,769.014731875731,1.9622124890106247,164.6396510186875,118.54054873345498,0.28
2026-05-14,West,E,21.859285912516658,7.750663111576625,0.07726250236024608,801.3126399736533,2.075546509999895,156.3338417834119,114.19456735874037,0.26954672094000065
2026-05-15,North,A,26.59374916051188,11.419003806125893,0.07693895727427348,859.354401807809,1.0083443850345155,280.3097525172416,187.80753418655186,0.32999999999999996
2026-05-15,North,B,21.20000630249798,10.263976712526055,0.0897762221210456,935.9239867754027,1.4912053105144285,198.06139085913208,136.66235969280112,0.31000000000000005
2026-05-15,North,C,20.0,9.657432960352386,0.05648104375354253,995.7535215504679,2.7609373235629846,182.2394213354364,130.22202581327176,0.2854343760586221
2026-05-15,North,D,20.0,9.057318402638993,0.09493235424417977,901.9615530918114,2.4711390068229115,163.94971687074678,118.50725478758996,0.2771731659590626
2026-05-15,North,E,20.0,7.547647793240098,0.08585795894479276,912.6919952502993,2.901186275033896,137.99244317756668,101.48062489472379,0.2645928823497966
2026-05-15,South,A,20.0,11.706106765596244,0.09381726119592189,952.1849234567488,2.154659528447786,212.15743779161906,142.34235633609802,0.3290720428293133
2026-05-15,South,B,20.0,9.967752708217354,0.0669770985403883,916.5864028082165,0.0,186.00283105705714,128.34195342936943,0.31
2026-05-15,South,C,20.0,8.990003073867573,0.03566571763482396,978.4588455982216,0.2526825303058311,173.38736325397625,123.10502791032313,0.29000000000000004
2026-05-15,South,D,20.0,8.59014791941421,0.05913971855037116,889.9180637961726,2.9387054823592313,161.64257978307995,117.29306609876797,0.2743677671058446
2026-05-15,South,E,20.0,8.181444947970421,0.10274660150884106,858.4745870590749,1.1934343787129422,146.81658568269566,107.17610754836782,0.2700000000000001
2026-05-15,East,A,20.707858030290822,11.627474562119135,0.07842163798623694,1002.702687549633,1.1047558549965284,221.89772323617234,148.67147456823548,0.32999999999999996
2026-05-15,East,B,20.0,10.774897273259329,0.0813611384562826,925.0123595897438,3.2853183942247277,197.9647872871491,138.12238992318663,0.30228808963465165
2026-05-15,East,C,21.832389980828943,8.918847237120568,0.06719361166118883,969.1987269725721,1.9597059550149876,181.63582772474885,128.96143768457168,0.29000000000000004
2026-05-15,East,D,20.0,8.178401666229076,0.0595961245056601,776.2664520942433,0.07286359781375884,153.82001244542383,110.75040896070516,0.27999999999999997
2026-05-15,East,E,20.0,7.881260980427006,0.07979876319612787,886.6467677765816,0.0,145.0469220352606,105.88425308574023,0.27
2026-05-15,West,A,20.48753333213802,12.02399968755636,0.05814293130620666,1019.4096876381195,1.1093223974008044,232.01904291280724,155.45275875158086,0.32999999999999996
2026-05-15,West,B,20.508344548419355,10.340828268379106,0.08171876655535817,954.4326671194975,1.8299435386572647,194.7429030783189,134.37260312404004,0.31
2026-05-15,West,C,20.0,9.31951464472705,0.05940495474671691,912.5118674300429,1.828367972831538,175.31778597991348,124.47562804573856,0.2900000000000001
2026-05-15,West,D,20.0,8.494328681168588,0.07066189771001671,875.2469680870449,0.42829867313825565,157.88206593569183,113.67508747369811,0.28
2026-05-15,West,E,20.0,7.680699366023312,0.06274871758771455,817.2964652449826,2.2119770229910514,143.97490661257152,105.28479805971209,0.26872813786205374
2026-05-16,North,A,20.0,11.343849147946205,0.09987720093312258,885.1786338218924,1.8302899456165918,204.217144944835,136.82548711303946,0.33
2026-05-16,North,B,20.0,9.673201913167578,0.0793529961553864,909.2642554481871,3.4975141778047627,178.1120871788343,124.49769240812786,0.3010149149331715
2026-05-16,North,C,20.0,9.237032094910548,0.09343407864971519,782.2371462746281,0.0,167.47957023329465,118.9104948656392,0.29000000000000004
2026-05-16,North,D,20.0,8.321280859525622,0.09968037893329872,764.5828485000818,1.184825610114776,149.83624860475405,107.88209899542291,0.28
2026-05-16,North,E,20.0,6.912580995092355,0.07648811694075631,870.2876103152671,1.3116158727356166,127.67701383154564,93.20422009702831,0.27
2026-05-16,South,A,24.055148940931343,11.799629959129174,0.07744417364965833,943.2097106344581,0.0,261.8599581207376,175.4461719408942,0.3299999999999999
2026-05-16,South,B,20.0,10.277347892539236,0.09472219623962173,1040.6128770329597,0.33517190353896,186.07709857278545,128.39319801522194,0.3100000000000001
2026-05-16,South,C,20.0,9.287305731800213,0.05468978458379973,1006.1458052707735,0.5697353127299492,175.58769963928344,124.66726674389123,0.2900000000000001
2026-05-16,South,D,20.0,8.7099806512832,0.0835543308307887,995.4695227452883,1.3950418439998273,159.6444809283223,114.94402626839207,0.27999999999999997
2026-05-16,South,E,20.0,7.154815473109132,0.06795139862072443,927.6856374453756,2.0511917287016943,133.37271509676333,97.40304749972188,0.26969284962778983
2026-05-16,East,A,20.0,11.318914370147949,0.0712741797619663,803.6860487978914,1.134530405885775,210.24336065239441,140.86305163710426,0.32999999999999996
2026-05-16,East,B,20.0,10.017847378685117,0.0915729988964288,889.7932679337829,2.3091213109902435,182.00966103464387,125.92424450409577,0.3081452721340586
2026-05-16,East,C,20.0,9.134981078009778,0.06775137338816638,834.1845153751998,0.3531679178325591,170.32147128199406,120.92824461021578,0.29
2026-05-16,East,D,20.0,8.209131550051932,0.08243089338594312,788.9031189441231,2.2297156737837085,150.6489100491684,108.6748537306616,0.2786217059572978
2026-05-16,East,E,20.0,7.545016051183416,0.08512263028305204,798.2480504047859,1.487061231896412,138.05528878757673,100.78036081493102,0.26999999999999996
2026-05-16,West,A,20.0,11.507355893896243,0.09543171379618265,924.2008605861106,0.0,208.18378399358244,139.48313527570025,0.3299999999999999
2026-05-16,West,B,23.85547930422343,10.161743530948446,0.08825303744039661,891.6443660506186,0.7969309191021978,221.01955576613815,152.5034934786353,0.3100000000000001
2026-05-16,West,C,20.0,8.513914172895282,0.09414148701837913,868.1130508497598,0.5150050722755581,154.24803264624134,109.51610317883134,0.29000000000000004
2026-05-16,West,D,20.0,8.147507574229031,0.07739243449858076,926.4579698596289,0.7704228058643535,150.3390425592764,108.244110642679,0.2800000000000001
2026-05-16,West,E,20.0,7.680212411581151,0.08357901186392666,825.268436166858,3.0777682049318864,140.76615694632267,103.66957430053873,0.26353339077040877
2026-05-17,North,A,20.15067952937141,11.783172455129897,0.09896809714007054,878.1351190840891,0.07823635065542711,213.94005269734663,143.33983530722224,0.32999999999999996
2026-05-17,North,B,24.298051645381445,10.327019776299766,0.08292894547219659,873.1339352004578,1.2823153065653432,230.1173931595317,158.78100128007685,0.3100000000000001
2026-05-17,North,C,20.0,9.036906468753878,0.07936132068433334,852.534993005455,1.5785987061150373,166.3945127298555,118.1401040381974,0.29000000000000004
2026-05-17,North,D,20.0,9.228561162103855,0.05334520041010887,846.7866937966766,1.8240125241899798,174.72523434828955,125.80216873076847,0.28
2026-05-17,North,E,20.0,7.611639368331965,0.09142782161063695,913.4694782437726,2.6755065765087798,138.3144752399922,101.53016095110014,0.2659469605409474
2026-05-17,South,A,24.45158699362601,10.91392552655283,0.10385678446874035,975.4490349021628,1.87506215189234,239.14728720879535,160.2286824298929,0.3299999999999999
2026-05-17,South,B,20.0,9.992307529598666,0.08218907441217162,919.8148011606993,1.482962110662537,183.42098044998355,126.56047651048864,0.31000000000000005
2026-05-17,South,C,20.0,8.658694921174288,0.09460728607575963,885.7352697212816,1.508281909957927,156.7903858744805,111.32117397088115,0.2900000000000001
2026-05-17,South,D,20.0,8.625762167094216,0.04378838223453445,795.5525915168905,2.1483940112387128,164.96107992514618,118.91885296419542,0.2791096359325677
2026-05-17,South,E,20.0,7.57020779066802,0.09754307220940825,851.4103007198034,1.3213448309861098,136.63572931005328,99.7440823963389,0.26999999999999996
2026-05-17,East,A,20.0,11.818220692188666,0.08804445453771341,883.4487506024841,1.1143700184768388,215.55383795477195,144.4210714296972,0.33
2026-05-17,East,B,20.0,10.297118550212884,0.053602764384568014,909.0035114743886,2.251796465835456,194.90329061451718,134.77772628255545,0.30848922120498734
2026-05-17,East,C,28.741907317272947,8.824966111568923,0.0784600686343905,983.397274820399,3.298287700923063,233.7452473947898,167.779937129352,0.2822102737944617
2026-05-17,East,D,20.0,8.555991857093362,0.0800299903462263,851.092369481062,1.7819558673941571,157.4251182273558,113.34608512369617,0.28
2026-05-17,East,E,20.0,7.200486906180821,0.08202685177802123,884.0806411149281,1.950020673421832,132.19707267995886,96.50386305636997,0.27
2026-05-17,West,A,20.0,11.747132965712865,0.08546787556989204,880.3579687213355,0.7739849022990232,214.86260934192683,143.95794825909098,0.32999999999999996
2026-05-17,West,B,20.0,9.943647468055524,0.07193282980464291,855.2347626378767,2.7284208122801514,184.56745534197034,128.1582008404036,0.30562947512631916
2026-05-17,West,C,20.0,8.965420949284605,0.08371921341277812,961.113962006492,1.3586044978561977,164.29685918992112,116.650770024844,0.29000000000000004
2026-05-17,West,D,20.0,8.10686793749939,0.05927076452954551,812.5658020525364,0.9681225060572426,152.5273535380748,109.81969454741386,0.28
2026-05-17,West,E,20.0,7.483557958785481,0.11561909825039647,914.2543225096861,0.0,132.3663147177225,96.62740974393742,0.2700000000000001
2026-05-18,North,A,20.0,11.376649664904331,0.08212129210010817,916.5778281751619,0.0,208.8476898930425,139.92795222833848,0.33
2026-05-18,North,B,27.514537311370837,10.08664042540785,0.08389711785208265,888.5232549981102,2.5249216931253993,254.24534061220606,176.2300383904026,0.30685046984124764
2026-05-18,North,C,20.0,8.531065899069562,0.0896148607909246,829.1121304028287,1.3868315902711028,155.33111232252477,110.28508974899259,0.29
2026-05-18,North,D,20.0,8.354079910798454,0.07207360803326712,806.3132312073309,2.1062911561087083,155.0394245965795,111.72726162763402,0.27936225306334783
2026-05-18,North,E,20.0,7.250578459220399,0.07005947887467104,978.9148333149695,3.4229461940665775,134.85213421655004,99.5933819649527,0.26146232283560056
2026-05-18,South,A,20.0,11.264867446124695,0.0720609153995016,902.6266262637719,1.5732753145856964,209.06221572205808,140.07168453377892,0.32999999999999996
2026-05-18,South,B,20.0,10.192291871478954,0.07678437335442329,863.8442480487417,0.05802126435998711,188.1936625416412,129.85362715373242,0.31000000000000005
2026-05-18,South,C,20.0,8.75791642561222,0.07715666732691083,907.7945300578677,0.680246071229156,161.64369562968741,114.76702389707806,0.29000000000000004
2026-05-18,South,D,20.0,8.869348416243668,0.0875987473128538,946.9859608129589,0.18819683422278866,161.84809210998958,116.53062631919249,0.28
2026-05-18,South,E,20.0,7.4557509071556165,0.08470728530160683,962.4999071426068,1.0082525802698652,136.48388975850943,99.63323952371188,0.2700000000000001
2026-05-18,East,A,20.0,11.34526336185216,0.07015443659677836,976.9434088883469,0.9343612516449611,210.986856053187,141.3611935556353,0.32999999999999996
2026-05-18,East,B,22.583981468051515,10.627485988503016,0.11401466305848881,904.9293389129102,0.46928296806766023,212.64617940751953,146.72586379118846,0.31000000000000005
2026-05-18,East,C,20.0,8.905598518062932,0.07054876234616496,826.367890897111,0.44284512586172564,165.54639129323505,117.53793781819688,0.29000000000000004
2026-05-18,East,D,20.0,8.195820395403398,0.09263190438706449,1096.6698279067475,0.5822464625824858,148.73251888325677,107.08741359594487,0.2800000000000001
2026-05-18,East,E,20.0,7.618004410479263,0.06056988223300948,978.3650476562042,3.2060917581276396,143.13165560971973,105.52188805604368,0.2627634494512342
2026-05-18,West,A,23.114579353680565,11.163299362805109,0.0831600031658693,1002.3648684431353,0.37856895398274504,236.57678013396276,158.50644268975506,0.32999999999999996
2026-05-18,West,B,22.58597365926586,10.223859759621932,0.04345436505129017,948.1432792119911,0.5165840213409694,220.88152657441302,152.40825333634496,0.3100000000000001
2026-05-18,West,C,22.54441845861578,9.377292452873032,0.05611980496637817,971.0860651538051,1.801552306812904,199.5415637412643,141.67451025629765,0.29
2026-05-18,West,D,20.0,8.498023871156692,0.08410763597462685,770.3486701219159,1.1992354151532651,155.66550345795508,112.07916248972765,0.2800000000000001
2026-05-18,West,E,20.0,7.518173642436244,0.07777891393178368,868.9891492730973,0.9365285745749304,138.66836523553982,101.22790662194407,0.27
2026-05-19,North,A,21.376114727879113,11.610613651242428,0.07543359855715,906.4647826778121,1.0903510716319982,229.46795901649918,153.74353254105446,0.32999999999999996
2026-05-19,North,B,20.0,10.319258781806614,0.07999155354315562,967.2514015316125,1.5396935265975618,189.876104808721,131.0145123180175,0.31
2026-05-19,North,C,20.0,8.606541532535259,0.0841070576798528,911.9123860234353,1.4928831448714843,157.65341294868534,111.93392319356659,0.29000000000000004
2026-05-19,North,D,20.0,8.666088418559983,0.0939895826448668,881.7420079116791,1.983982293951527,157.03132769872033,113.06255594307864,0.28
2026-05-19,North,E,20.0,7.792309052009282,0.0983259299932639,838.4250300842746,2.1445584119839802,140.5224603535108,102.7032782803636,0.2691326495280961
2026-05-19,South,A,23.217646416783673,11.715132426990362,0.10338224371698629,884.1481790819103,0.6238900757720424,243.87805931583867,163.3982997416119,0.33
2026-05-19,South,B,20.749509782955744,10.214352517859538,0.06324008596923088,940.5063143670617,1.914616285026703,198.53952612928518,136.99227302920676,0.3100000000000001
2026-05-19,South,C,20.0,9.154896231794986,0.07611941147471404,836.9515471401127,2.9782789357160593,169.1606183703735,121.09695666119181,0.2841303263857037
2026-05-19,South,D,20.0,8.50274637838188,0.0931843104155134,808.2792275164193,0.002626829905463257,154.20847640948722,111.0301030148308,0.27999999999999997
2026-05-19,South,E,20.0,7.608173806313317,0.06322541274190184,946.2964732924196,1.1154498899820833,142.54287754394062,104.05630060707665,0.27
2026-05-19,East,A,20.09290422686889,11.557820505685841,0.07550993138372417,933.2589647143607,2.1721143150964366,214.6944954978996,144.0670239598783,0.3289673141094214
2026-05-19,East,B,20.0,10.157837061649886,0.09565615096580742,802.2126559574208,1.893376870254097,183.72354932389263,126.7692490334859,0.31000000000000005
2026-05-19,East,C,21.03094198645358,8.82884734439094,0.10118769604941509,920.291983314288,2.5240988398410247,166.89054848980712,119.01709228482669,0.2868554069609539
2026-05-19,East,D,20.0,8.447741935993145,0.09017785927100042,916.4898909447926,1.1292218305379382,153.71885305062852,110.67757419645254,0.27999999999999997
2026-05-19,East,E,20.0,7.459548364118602,0.07075710890013959,825.4869077711679,0.305634519275541,138.6346457634561,101.20329140732295,0.26999999999999996
2026-05-19,West,A,20.0,11.682457197253882,0.10713371813124156,786.1740857961438,2.925328943470306,208.61744241605982,140.93192496424206,0.3244480263391782
2026-05-19,West,B,22.671603806754504,10.55552658748089,0.07314785028892004,759.4474864436731,1.6014474306500495,221.80565228071384,153.04590007369254,0.31000000000000005
2026-05-19,West,C,20.0,8.834110067641321,0.08299452526867272,938.0000757134317,0.0,162.01854592812455,115.03316760896843,0.29000000000000004
2026-05-19,West,D,20.0,8.304205034571208,0.06294616127884349,881.3510526147376,0.0,155.62974410345012,112.05341575448408,0.2800000000000001
2026-05-19,West,E,20.0,7.212245146912986,0.08679528134468258,824.6984828948338,1.0500296181353508,131.725126005197,96.15934198379382,0.26999999999999996
2026-05-20,North,A,20.0,11.767826134732404,0.08904405415632834,943.3373512925397,1.3699739385015102,214.3994237417807,143.6476139069931,0.32999999999999996
2026-05-20,North,B,20.0,10.208092525181756,0.08220983495729706,930.4820835170192,1.0301634915012732,187.37773846915493,129.2906395437169,0.31
2026-05-20,North,C,20.0,9.227455176944028,0.08827788157296938,983.3213992457082,0.0,168.25749963227761,119.4628247389171,0.29
2026-05-20,North,D,20.0,8.34598774361097,0.09538022051386633,797.3669812271321,1.1827132747475593,150.99891184438658,108.71921652795834,0.28
2026-05-20,North,E,20.0,7.856726436580154,0.05117743204177043,896.1428530670397,2.6289911009620175,149.09278706602586,109.4004027758918,0.26622605339422795
2026-05-20,South,A,20.0,11.354221231924328,0.06474163488347538,951.2699466833986,2.3662252008585285,212.38260773081757,142.76302635869826,0.3278026487948487
2026-05-20,South,B,20.0,10.099101970370166,0.06705221506483584,805.4930617311505,2.7935099684593703,188.43869626182396,130.919868324222,0.3052389401892438
2026-05-20,South,C,23.243428383781144,9.091676315120765,0.06257098390429869,843.8866811462085,0.8227258159907221,198.0991189203212,140.65037443342803,0.2900000000000001
2026-05-20,South,D,20.0,8.523706714932594,0.06158126673962235,873.4226470406279,0.0,159.97612116220037,115.18280723678426,0.2800000000000001
2026-05-20,South,E,20.0,7.41195978298312,0.06636345667094966,1040.0674171113108,0.6287839279741858,138.40153022156596,101.03311706174316,0.26999999999999996
2026-05-20,East,A,23.735955612537783,11.561342752248834,0.05335402555486558,915.0711840959059,0.8460368663630781,259.7781323918484,174.05134870253843,0.3299999999999999
2026-05-20,East,B,20.0,10.427015710879495,0.061959551211484554,858.9763852017109,1.2136338641348243,195.61924993916605,134.97728245802458,0.31
2026-05-20,East,C,20.0,8.939877482036144,0.07593659559393594,848.592856982609,1.2638699082220144,165.2202724204686,117.3063934185327,0.29000000000000004
2026-05-20,East,D,20.0,8.559597093709357,0.07867079082120249,955.7580821363998,1.069541666538042,157.7241364247275,113.5613782258038,0.2800000000000001
2026-05-20,East,E,20.0,7.523325678043515,0.0815703504483219,806.1750654385157,3.1965866829708505,138.19290731897294,101.87298109832369,0.26282047990217494
2026-05-20,West,A,26.217353641194023,11.026707209690473,0.08325909737342936,934.2067967127115,3.075082827608731,265.0216198338317,179.27400644323768,0.32354950303434754
2026-05-20,West,B,20.025756114913747,10.05988763279923,0.08046570800732832,844.9816374448051,1.2479371845966436,185.2464877045446,127.82007651613576,0.31000000000000005
2026-05-20,West,C,20.0,9.14959529015661,0.0684917439720404,804.7829593685478,0.6937181793153159,170.45847104190833,121.0255144397549,0.29000000000000004
2026-05-20,West,D,20.0,8.636330815491766,0.08347490666354776,906.1507345956509,2.465170492728666,158.30827813506139,114.42380229570287,0.27720897704362807
2026-05-20,West,E,20.0,7.675959356409391,0.07862689970872688,1054.9906831054338,0.9691781718703527,141.4484493984945,103.25736806090097,0.27
2026-05-21,North,A,20.0,11.33353057221989,0.08651014735175161,801.6645916672771,1.751854415295005,207.06130344803134,138.73107331018102,0.3299999999999999
2026-05-21,North,B,23.88673802846275,10.176451356162291,0.06333603357176419,943.7972900117308,2.688784114353874,227.68636347581423,158.04455129961468,0.30586729531387674
2026-05-21,North,C,20.0,9.54429571006443,0.0898819605254929,1011.3153163935245,1.489803884374954,173.72871399617577,123.3473869372848,0.29
2026-05-21,North,D,20.0,8.492979231223991,0.07009549825967017,933.3622077126786,2.0818504393070785,157.9531924060463,113.80386976148368,0.2795088973641575
2026-05-21,North,E,20.0,7.4025034115330985,0.08194894781249111,806.6567976886059,1.4302012142378622,135.9175209155917,99.21979026838193,0.2700000000000001
2026-05-21,South,A,20.0,11.641288344702442,0.04097167527422467,866.5341859572322,1.70541052696126,223.28650517739356,149.6019584688537,0.32999999999999996
2026-05-21,South,B,23.352712049592085,10.07663294771153,0.08989226321377844,907.9623707440301,1.1030861587622085,214.16355623400634,147.77285380146435,0.3100000000000001
2026-05-21,South,C,20.0,8.984361070918855,0.09494832326747606,920.6214989790865,0.5063021228935168,162.62622103211046,115.46461693279842,0.29000000000000004
2026-05-21,South,D,20.0,8.665009372947583,0.10874667315103115,803.4595524055989,0.7365606826893395,154.45436861634062,111.20714540376524,0.28
2026-05-21,South,E,20.0,7.765110641637109,0.08746884401404068,821.3930065625009,1.6022566596474157,141.71810780343972,103.45421869651099,0.27
2026-05-21,East,A,26.85875337875682,11.193823805587364,0.09738424373565349,925.6515802600086,4.357438423139865,271.37337041606844,185.6586342413807,0.31585536946116083
2026-05-21,East,B,22.6507551743843,10.07678505777611,0.05284680018369776,823.4973331230875,0.8972806369697777,216.18467871678283,149.16742831458015,0.31
2026-05-21,East,C,20.0,9.530589985498912,0.0840929377703866,878.3684344362625,1.8796875806139837,174.58269349866563,123.9537123840526,0.29000000000000004
2026-05-21,East,D,20.0,8.741137670559834,0.07951494321957177,886.2796991508488,2.030693938024733,160.9217321002162,115.89328304218716,0.27981583637185153
2026-05-21,East,E,20.0,7.248271458599534,0.05033376406449308,903.9547684395263,1.2384380989335981,137.66877346253972,100.49820462765399,0.27
2026-05-21,West,A,20.0,11.491381283741342,0.08080628844485753,835.9412738364349,0.0,211.25610826195003,141.54159253550654,0.3299999999999999
2026-05-21,West,B,20.857866626990724,10.296764682348936,0.06269487625400359,971.568505775233,1.658448050499735,201.30365711740413,138.89952341100883,0.3100000000000001
2026-05-21,West,C,20.6156289356775,9.076178553246516,0.07298035530013562,932.747384803676,0.8706555156654956,173.45569251749802,123.15354168742358,0.2900000000000001
2026-05-21,West,D,20.0,8.65735100152555,0.08197810719681728,906.621477307039,2.3187639503474418,158.9527550616403,114.74999409311336,0.27808741629791534
2026-05-21,West,E,20.0,7.81770569259166,0.0679321005466278,1008.0444999210188,0.0,145.7326504687716,106.38483484220326,0.27
2026-05-22,North,A,21.964389105309902,11.071378526125969,0.06929270754171933,880.4226218206975,2.2718742923698283,226.32573786583427,152.0074372690731,0.3283687542457809
2026-05-22,North,B,20.0,10.55022046507824,0.06429069280424285,914.7970532533787,0.7018466422451661,197.4387896428172,136.23276485354387,0.31
2026-05-22,North,C,20.0,9.224085758585183,0.0936685706685342,934.2568757256886,1.6985786206815168,167.20157659709054,118.71311938393427,0.2900000000000001
2026-05-22,North,D,20.0,8.515674575809179,0.08161301270080452,954.0777865307932,1.715098135819036,156.41369436995492,112.61785994636755,0.28
2026-05-22,North,E,20.0,7.611054250725045,0.0678631102258844,898.038755057298,1.5676712580627095,141.8908887434581,103.58034878272441,0.27
2026-05-22,South,A,20.0,12.0516313267851,0.07214340832188147,974.7923447071008,1.9222890191253597,223.6437113406413,149.8412865982297,0.3299999999999999
2026-05-22,South,B,20.0,10.78446127979304,0.07432941062402786,844.0835978574912,1.824089222320047,199.6571725793675,137.76344907976357,0.31000000000000005
2026-05-22,South,C,20.0,9.162233477599164,0.09269456093461595,988.1380394534315,1.8190948340235742,166.25888536425342,118.04380860861993,0.29
2026-05-22,South,D,20.0,8.41695786754025,0.12055977660919079,849.6362917815017,1.8942376494420308,148.0442261460125,106.591842825129,0.27999999999999997
2026-05-22,South,E,20.0,7.364330021367165,0.09404854033785182,908.9153732959539,1.1356227071067582,133.43451064582723,97.40719277145388,0.27
2026-05-22,East,A,22.018039715697135,11.682873101985233,0.0672988386067397,915.7008115027116,0.4244277138569845,239.92241692871846,160.74801934224138,0.32999999999999996
2026-05-22,East,B,22.1495819274039,10.28313307827441,0.06785819406354009,847.9297351033056,2.1774848420913937,212.31123461038683,146.72084403686122,0.3089350909474517
2026-05-22,East,C,20.0,8.864011618819498,0.09951737522978046,942.3495362975211,2.1334215410273494,159.6377689701661,113.47061067167093,0.28919947075383595
2026-05-22,East,D,21.126445830971242,9.20316231205968,0.05436160844134767,856.8677441077833,0.7616234191228919,183.86057654710956,132.37961511391887,0.28
2026-05-22,East,E,20.0,7.3306041880990715,0.07550520403916952,923.4529657276189,0.2833962847105951,135.54210846292523,98.94573917793541,0.2700000000000001
2026-05-22,West,A,21.56001992244413,11.620257166190914,0.08761592677457379,873.8613744223283,2.1030068534266766,228.58229712655492,153.2914123338481,0.32938195887943994
2026-05-22,West,B,28.86416985485495,10.258607779120524,0.05206272871062808,778.1647907680529,0.49762425423378254,280.6901007855332,193.6761695420179,0.31000000000000005
2026-05-22,West,C,20.0,9.069548693986667,0.07297361453150814,938.4288011853838,3.510926112400514,168.15421887233882,120.91390700058773,0.2809344433255969
2026-05-22,West,D,20.0,8.267231628014475,0.06501282663003483,912.1104997756559,1.5368054990969549,154.59511062944057,111.30847965319721,0.27999999999999997
2026-05-22,West,E,20.0,7.554923244287616,0.08021108124310257,843.0626711357327,1.2848508342288711,138.97869364309315,101.454446359458,0.26999999999999996
2026-05-23,North,A,20.0,11.455785201606801,0.08136200035415071,975.6599343465609,2.104791582550568,210.47439203953186,141.15017833425551,0.3293712505046965
2026-05-23,North,B,20.0,10.08596095097116,0.08656483510301459,869.605969671878,2.110844916410854,184.25742808789792,127.26016937593644,0.30933493050153493
2026-05-23,North,C,20.0,9.344896335288993,0.0993752969848801,839.3508702938393,3.2783209067198227,168.32488973353463,120.8017110648157,0.28233007455968107
2026-05-23,North,D,20.0,8.502819424154666,0.07852889647201239,796.010659773825,0.8507370803898638,156.70204795750016,112.82547452940011,0.28
2026-05-23,North,E,20.0,7.407911085113022,0.08128990221121438,823.0239157908961,0.7059564583011466,136.11445434829628,99.36355167425629,0.26999999999999996
2026-05-23,South,A,20.0,11.537730381701625,0.088689229569814,919.4102671847593,3.6858637664176253,210.28915926328543,143.02084995083564,0.31988481740149416
2026-05-23,South,B,20.0,9.930609667783168,0.06069638839195439,835.3564154046687,3.0828294467733337,186.55715052837007,129.9364913211648,0.30350302331936013
2026-05-23,South,C,20.0,9.09022526969586,0.07864711379933918,878.651874690083,0.5974934935567083,167.50610576896923,118.92933509596816,0.29
2026-05-23,South,D,20.0,8.29850159779205,0.05909491273450743,934.4607838356626,2.4425936208997925,156.16204740086718,112.851372084662,0.27734443827460137
2026-05-23,South,E,20.0,7.2044582459682704,0.06883064965342156,981.5970462918674,1.4452955631507287,134.1714140899465,97.94513228566093,0.2700000000000001
2026-05-23,East,A,20.0,11.478870029622131,0.09012716989842347,972.365031755723,0.0,208.8862392044091,139.9537802669541,0.3299999999999999
2026-05-23,East,B,20.0,10.282998873364233,0.08370024724416117,938.5647066625478,2.584586391463845,188.44618650504435,130.68884714540522,0.30649248165121706
2026-05-23,East,C,20.0,8.903805188211003,0.08207307694029921,933.4327510829739,1.305020113880213,163.46084999875052,116.05720349911286,0.29000000000000004
2026-05-23,East,D,20.0,8.65211293410742,0.07678587586168302,868.1163125801628,0.0,159.7550572881557,115.02364124747211,0.27999999999999997
2026-05-23,East,E,20.0,7.327388186862381,0.08946912095182365,908.880688340709,2.4083932972673043,133.4362641382205,97.73543967621961,0.2675496402163961
2026-05-23,West,A,20.0,11.180477909322049,0.10829283737834122,761.1099743809702,0.953462206971622,199.394244665514,133.5941439258944,0.3299999999999999
2026-05-23,West,B,24.083606219336577,10.203338897885917,0.09657410733436589,932.0991395348518,1.7769586752193653,222.00173207956755,153.1811951349016,0.31000000000000005
2026-05-23,West,C,20.0,9.27437207798025,0.11416145672834146,789.3762477508126,2.471006335959188,164.31192502634738,117.125818515273,0.28717396198424494
2026-05-23,West,D,20.0,8.785370192025804,0.0980405120980422,981.5461111631689,1.0733950169409003,158.48095998857437,114.10629119177354,0.2800000000000001
2026-05-23,West,E,20.0,8.243129359242433,0.06874997395627233,878.5716666078032,0.9925994235995748,153.5282886095266,112.07565068495443,0.27
2026-05-24,North,A,20.0,11.2774948125591,0.03855986741489386,925.8550641789933,1.0653005262768658,216.85272215629337,145.29132384471657,0.3299999999999999
2026-05-24,North,B,20.0,10.683845295882277,0.08020063719073794,918.2994288910978,2.7910290551841355,196.53988191010498,136.54533106053253,0.30525382566889525
2026-05-24,North,C,20.0,9.16981038848339,0.10053176947855344,934.728449566215,1.5559393501324008,164.95906248692665,117.12093436571791,0.29000000000000004
2026-05-24,North,D,20.0,8.42792863546817,0.08607473478387015,881.072214053319,3.734386246197682,154.04993826785724,112.51904811781345,0.2695936825228139
2026-05-24,North,E,20.0,7.914444737717361,0.0971037992141642,733.1627907929847,1.5117164177193652,142.9184417002891,104.33046244121104,0.27
2026-05-24,South,A,21.37483964479745,10.945131435344237,0.10204905846411846,969.9771813910393,1.6694738711932606,210.07600828215755,140.75092554904558,0.3299999999999999
2026-05-24,South,B,20.0,9.811873131674986,0.08391131576211751,865.5921421689984,1.466396560043858,179.77091894210338,124.04193407005133,0.31000000000000005
2026-05-24,South,C,20.0,9.791858973008065,0.09251788321053586,959.0755824087349,2.549498605863319,177.7187381625853,126.76624128857235,0.2867030083648201
2026-05-24,South,D,20.0,8.452482081774814,0.04917858038487059,956.8214996997551,1.3114138669939903,160.73602024529148,115.72993457660986,0.28
2026-05-24,South,E,20.0,7.555908512377667,0.06962345385496531,952.4619910784595,3.0020292518431306,140.59680129467603,103.48095759079055,0.2639878244889412
2026-05-24,East,A,25.317085272436675,11.655400328280242,0.0794412612117181,817.0370793627378,1.6975562825275035,271.6391759443408,181.99824788270837,0.3299999999999999
2026-05-24,East,B,20.0,10.237520282586255,0.08485985384408216,1009.9935071257657,2.7092645684253776,187.37531615360317,130.0863601824577,0.3057444125894478
2026-05-24,East,C,24.65714074439807,8.85049410167653,0.07471602447575346,1077.2333274419525,1.9803342958813794,201.92275919458086,143.36515902815242,0.29
2026-05-24,East,D,22.1067507980475,8.779849290499595,0.07418318066676065,955.2235518368268,0.6168003688448754,179.69543446918644,129.38071281781424,0.27999999999999997
2026-05-24,East,E,20.0,7.540390912254924,0.07827833076497116,875.1711887928226,3.092912089122808,139.002833966565,102.38357606157878,0.26344252746526314
2026-05-24,West,A,20.0,11.626111161915617,0.06951467220344111,893.9306709410513,1.5426310244377468,216.3585171098857,144.96020646362342,0.32999999999999996
2026-05-24,West,B,20.0,10.397585145446175,0.05700702682470939,947.8826539182166,0.9829857750456398,196.0969946029505,135.30692627603582,0.3100000000000001
2026-05-24,West,C,20.0,8.697798322682507,0.09002833014885103,896.8503354649896,2.623094630441539,158.2950012743985,112.9812474967418,0.28626143221735084
2026-05-24,West,D,20.0,8.676492436674703,0.055101681778704684,837.8775322680489,1.8087992768481658,163.96806222947433,118.05700480522151,0.28
2026-05-24,West,E,20.0,7.4895224957300774,0.0772505366535911,941.2092294750605,0.8557917496135518,138.2190572731157,100.89991180937446,0.2700000000000001
2026-05-25,North,A,20.0,11.745047717917956,0.0842175974846522,839.38420813174,0.802442793403692,215.11816033544616,144.12916742474894,0.32999999999999996
2026-05-25,North,B,20.0,10.272683294466704,0.07468118679122963,862.499958906142,0.0,190.11014229010985,131.17599818017578,0.31000000000000005
2026-05-25,North,C,20.0,9.493919398042665,0.05445832082160036,977.6978750173989,0.05864920026594622,179.53792979219284,127.4719301524569,0.29000000000000004
2026-05-25,North,D,20.783815787319817,8.31375426531859,0.07051871265786634,737.1030142138283,2.116235396553313,160.6065003933335,115.74868924477367,0.27930258762068016
2026-05-25,North,E,20.0,7.529816649787322,0.10324835849193689,907.0655754214608,1.0642699118332604,135.04750881903053,98.58468143789229,0.26999999999999996
2026-05-25,South,A,24.98894636282006,12.026721183319536,0.07134727290277532,1027.543865493999,1.4831632762665738,279.09273144676536,186.9921300693328,0.32999999999999996
2026-05-25,South,B,20.0,10.456895267638455,0.06472526701458113,883.0166666819808,1.6024723671031567,195.60139858594093,134.96496502429923,0.31000000000000005
2026-05-25,South,C,20.0,8.85422451808543,0.08414621546380632,890.9184657768047,2.495539328162682,162.18350068043395,115.63249530090563,0.2870267640310239
2026-05-25,South,D,20.0,8.642793516572763,0.0654257184048056,957.3540167941823,2.239692508412923,161.54665083453187,116.54591773264835,0.2785618449495226
2026-05-25,South,E,24.05813149375205,7.505973952360104,0.07312877297497809,957.3372918238497,2.2689658715737453,167.37413583987157,122.45322674505668,0.2683862047705576
2026-05-25,East,A,20.00456423311644,11.399209330767487,0.0881169625732706,871.2626208389489,0.6724157592653386,207.9423566183034,139.3213789342633,0.3299999999999999
2026-05-25,East,B,20.0,10.448984671205563,0.0709310207573069,765.8381772737253,0.0,194.15655045199003,133.96801981187312,0.31
2026-05-25,East,C,20.0,8.771708070450016,0.07768083862070137,850.8071528125157,0.311119846402395,161.80628862802968,114.88246492590106,0.29000000000000004
2026-05-25,East,D,20.0,8.389873034788002,0.09983756497284683,901.1290590693203,2.1619475894305165,151.0449708112684,108.89914719762417,0.2790283144634169
2026-05-25,East,E,20.0,7.491691835844244,0.08491619704927925,836.466774572958,2.08416907335229,137.11051711358436,100.15992028395041,0.2694949855598862
2026-05-25,West,A,21.81240377807116,10.992095107834244,0.08317570676255896,880.3951961183387,2.262149241958686,219.82147530056034,147.62614465007312,0.3284271045482479
2026-05-25,West,B,27.622634980700525,9.979690388140988,0.08326160622954892,892.9791632789614,1.4641752533340444,252.71300542115247,174.3719737405952,0.31000000000000005
2026-05-25,West,C,20.0,9.126776257502367,0.0927193811519555,899.8424828847089,2.8777362362747443,165.61094421988776,118.45594675731313,0.28473358258235154
2026-05-25,West,D,20.0,8.324558263433305,0.0914893317908935,976.3461955261693,0.7380084761730097,151.25899980914863,108.906479862587,0.2800000000000001
2026-05-25,West,E,23.4132043869662,7.5694790280071516,0.04711184763788887,986.2312594002512,0.951927066755177,168.87632660248045,123.27971841981072,0.27
2026-05-26,North,A,24.340030074740227,11.562228399668758,0.09513002533932259,985.2407631215796,1.9844534392484219,254.6530208365268,170.61752396047297,0.32999999999999996
2026-05-26,North,B,23.089672217189786,10.580425113184239,0.08538194125859382,878.501104883995,2.4052594014939546,223.43986352566924,154.71681246488558,0.30756844359103636
2026-05-26,North,C,20.0,9.526691910104743,0.08324307014484032,908.6618010087973,2.304880565862379,174.67321654367223,124.3375105606123,0.28817071660482574
2026-05-26,North,D,20.0,8.502745723145601,0.10153991026651571,780.1968788188678,2.055240074279424,152.78755370796793,110.05767864463171,0.27966855955432346
2026-05-26,North,E,20.0,8.045573448176178,0.07679304707225067,1032.513421979578,0.0,148.55458695294269,108.44484847564816,0.27
2026-05-26,South,A,23.260636997508847,11.4824967852968,0.07442873395876898,862.0611619841666,2.5823519297917352,247.21100488699693,166.49515610885814,0.3265058884212495
2026-05-26,South,B,22.75443164981841,10.335548821431063,0.08367022888231025,887.7522374300075,1.6455148053355955,215.5020133455893,148.6963892084566,0.31000000000000005
2026-05-26,South,C,20.351000180813863,8.883664291974542,0.05567112309754686,944.1866829647004,2.1144401228924745,170.7265903432308,121.33310697557322,0.28931335926264523
2026-05-26,South,D,20.0,8.60193209240451,0.07519189432493678,896.8109311271821,2.2874827043855253,159.10273047044296,114.82840163810351,0.27827510377368686
2026-05-26,South,E,20.0,7.522027171936149,0.11030959548163748,934.9851673007059,0.0,133.84550794795976,97.70722080201062,0.27
2026-05-26,East,A,20.0,11.472941665419256,0.07349558772268719,927.2326313303635,0.0,212.59462149622325,142.43839640246958,0.33
2026-05-26,East,B,20.0,9.675198414359688,0.09259352136161378,1004.30870396076,2.935006177988935,175.58675446603644,122.13990878275776,0.30438996293206644
2026-05-26,East,C,20.0,9.111514534644279,0.09992234931343695,979.3498092012937,3.1823835853400984,164.0214119307819,117.61881982152273,0.28290569848795943
2026-05-26,East,D,20.0,8.55033621330373,0.08659274216437143,932.8552461734541,0.0,156.19878308332864,112.46312381999661,0.28
2026-05-26,East,E,24.679597890344446,7.759984041450197,0.10210119622162635,894.8747173211325,1.682914730128705,171.95955020816376,125.53047165195954,0.27
2026-05-26,West,A,24.1282424742073,11.296043338003892,0.06554337219148418,996.0639640006563,2.7663045571693656,254.6895858492991,171.81304126082978,0.3254021726569838
2026-05-26,West,B,20.0,10.441999701138466,0.07869560036590968,932.2153047604544,1.8398085744904304,192.40520531273447,132.75959166578676,0.3100000000000001
2026-05-26,West,C,21.902712739709152,9.120679550465796,0.10115242992952904,943.6928990728672,1.8094128397599247,179.56064357725128,127.4880569398484,0.29000000000000004
2026-05-26,West,D,20.0,9.039664752676208,0.0870473738480745,787.426993215192,2.2129974253450992,165.05571350977482,119.05105237913435,0.2787220154479294
2026-05-26,West,E,20.0,7.909470921979683,0.08430336677438907,972.6802950288674,0.0,144.8535178770533,105.7430680502489,0.2700000000000001
2026-05-27,North,A,20.0,11.852829246469177,0.0786824648209445,982.5268205014154,1.70470668602053,218.40438852510408,146.33094031181975,0.32999999999999996
2026-05-27,North,B,20.0,9.951788298041514,0.07705252369402839,806.8385923170556,2.327172799621222,183.69955788817433,127.11330393470101,0.3080369632022727
2026-05-27,North,C,20.0,9.305930231760948,0.07095532531149494,770.0232718641884,1.107773987079717,172.91249849680548,122.76787393273189,0.29000000000000004
2026-05-27,North,D,20.0,8.498108175842212,0.09395566786434338,1016.0163284162747,0.7287698337653612,153.9932549319504,110.87514355100427,0.2800000000000001
2026-05-27,North,E,20.0,7.429227049603706,0.10306036327846703,861.3582689691897,1.7114601523639172,133.27136421986668,97.28809588050268,0.26999999999999996
2026-05-27,South,A,20.0,11.838268394385516,0.10199304229438523,897.0296332944624,0.683206820729744,212.6169477068934,142.45335496361858,0.33
2026-05-27,South,B,20.0,9.95343997237085,0.07916472421025009,979.8146635255715,1.5053228604517004,183.30957284029665,126.48360525980468,0.31000000000000005
2026-05-27,South,C,21.25940800191208,9.017697650410248,0.07679070284208783,859.0368085751091,2.1642923020556357,176.98929779103756,125.83686930667646,0.2890142461876662
2026-05-27,South,D,20.0,8.478023378157696,0.06545902133392069,1001.2941087221772,0.5431632871203534,158.46120529954786,114.09206781567445,0.28
2026-05-27,South,E,20.0,8.010088523474577,0.07229545608927634,1067.487370611277,1.7912052011314934,148.6199104070901,108.49253459717576,0.27
2026-05-27,East,A,20.0,11.025546375025057,0.0992988519693085,898.5505545125636,0.6731908946069264,198.61444555301395,133.07167852051936,0.32999999999999996
2026-05-27,East,B,20.0,10.267040695238828,0.06574195689221388,931.4870728589574,1.3200599121166938,191.84130696883662,132.37050180849727,0.31
2026-05-27,East,C,20.0,8.924978992588528,0.07478925749602203,870.4207312040877,0.07118456577372179,165.14972881130475,117.25630745602636,0.2900000000000001
2026-05-27,East,D,20.0,8.400112764602893,0.07592935260602414,854.0979576297381,1.4800983290934147,155.2459528113799,111.77708602419354,0.27999999999999997
2026-05-27,East,E,20.0,7.958994531200443,0.07303429411706827,883.2267991195747,1.985198231477707,147.55429967465224,107.71463876249614,0.27
2026-05-27,West,A,24.195505901109772,11.891444882800814,0.08762989314527149,931.7796942012872,0.0,262.50669361747066,175.87948472370536,0.3299999999999999
2026-05-27,West,B,25.33694943875983,10.144600957500474,0.09493452209176749,796.0122588334408,0.809884458848054,232.63191358961063,160.51602037683134,0.31
2026-05-27,West,C,20.0,8.660880819813421,0.07640343480659613,766.3165965977603,2.7868422626455027,159.98319553458214,114.34335806691145,0.285278946424127
2026-05-27,West,D,20.0,8.241991938709605,0.0790502021043356,997.9395467187261,1.1342832143537906,151.80921620424613,109.3026356670572,0.2800000000000001
2026-05-27,West,E,20.0,7.7238182365171495,0.08218445471515827,839.6612351280637,1.8932297769848274,141.78080892859987,103.4999905178779,0.27
2026-05-28,North,A,25.604956316034464,11.2219889364102,0.09253065490853346,914.7605221461661,2.686142502118831,260.7509135333888,175.77658577281994,0.325883144987287
2026-05-28,North,B,20.0,10.300077477077417,0.03707722444848991,892.0652201512135,1.8022582184854612,198.36358385245964,136.87087285819715,0.31000000000000005
2026-05-28,North,C,20.0,9.276633128224457,0.07887846617652909,890.1018130422235,0.35979314334884194,170.89813071575472,121.33767280818584,0.29000000000000004
2026-05-28,North,D,20.0,8.528733477895253,0.08242879050927603,823.9775812876096,2.539369044918553,156.51440585472753,113.19688636901498,0.27676378573048865
2026-05-28,North,E,20.0,7.92248242465456,0.05398082754594208,859.023504861887,1.6796466807800536,149.89640534307048,109.42437590044145,0.27
2026-05-28,South,A,20.0,11.273798124196395,0.07745673926449334,811.4898747175951,3.3412556144269043,208.0113296473996,141.04156904628164,0.3219524663134385
2026-05-28,South,B,20.0,9.874516357459123,0.10591127429942152,898.2052657756628,1.037660294478713,176.5738749390029,121.83597370791199,0.3100000000000001
2026-05-28,South,C,20.0,8.863894280399228,0.07647274030078346,997.4449644681979,3.95824360573656,163.72095990081317,118.16551466668226,0.2782505383655807
2026-05-28,South,D,20.0,8.661893525765421,0.06752715841000435,971.3657642365241,0.0,161.53960939040937,116.30851876109475,0.27999999999999997
2026-05-28,South,E,20.0,7.861513062761975,0.07295202126170641,952.4835887560687,1.3332242659980138,145.75999589316362,106.40479700200945,0.26999999999999996
2026-05-28,East,A,24.981897098852052,11.401590632175738,0.05571392269822753,975.5306747465279,1.6138751941420122,268.9641799160295,180.20600054373975,0.33
2026-05-28,East,B,20.0,10.359689845418993,0.08497312542700539,961.0382849803306,2.2501482632323335,189.5878924159866,131.10019625913716,0.30849911042060607
2026-05-28,East,C,20.0,8.695760149958764,0.07199720711475681,862.0597267531821,2.3891273175270076,161.3937941084387,114.96641022199302,0.28766523609483796
2026-05-28,East,D,20.0,8.044662414518841,0.10628971331826409,953.8927186892336,2.3257136414253097,143.79195105474838,103.81121475933298,0.2780457181514482
2026-05-28,East,E,20.0,7.7441770903858504,0.07633506717230706,870.0704944785513,1.3362358958777985,143.06049623994008,104.43416225515625,0.27
2026-05-28,West,A,35.13217545677395,11.63897800782486,0.07304299337972849,829.2391757500577,1.9654967741662799,379.0351463248139,253.95354803762535,0.32999999999999996
2026-05-28,West,B,26.34408075125952,10.034732726048214,0.08751628148933699,926.9337980943495,2.5659776297431343,241.2203718364531,167.26120857293915,0.3066041342215412
2026-05-28,West,C,20.0,9.102700521214004,0.07915338354669339,868.5361599161207,0.9233015110724978,167.6438195109533,119.02711185277684,0.29000000000000004
2026-05-28,West,D,22.036932991387307,8.47286584182871,0.0682130559592584,977.0259476488056,0.9837024031384914,173.9795094273526,125.26524678769387,0.2800000000000001
2026-05-28,West,E,20.0,7.740082294558064,0.07613718201635312,854.9507212534546,2.073362470172945,143.0154848015149,104.464255720534,0.2695598251789623
2026-05-29,North,A,20.0,11.742451121847937,0.09311416518378597,840.1131482963997,0.5180901540491968,212.9812517685131,142.69743868490377,0.33
2026-05-29,North,B,20.0,10.631533093667377,0.05126652253296509,803.6769667898797,1.7783329395705043,201.7298272552183,139.1935808061006,0.3100000000000001
2026-05-29,North,C,20.0,9.008892895483939,0.07369237484844664,900.5044942263459,0.9662040603407915,166.90012366520858,118.49908780229809,0.29
2026-05-29,North,D,20.0,8.134385653786461,0.09169804418784165,959.0222017015868,2.2528721671488805,147.76956797329208,106.61828980612266,0.2784827669971067
2026-05-29,North,E,20.0,7.674729538146037,0.09013968283710386,900.6421273727491,0.46879793156041494,139.65863703434002,101.95080503506821,0.27
2026-05-29,South,A,20.0,11.960537664642066,0.1088674405551886,1074.5748904009592,0.0,213.16849082857104,142.8228888551426,0.33
2026-05-29,South,B,20.0,10.445168323581855,0.09455746971295596,934.5287455687369,0.5043097731581933,189.14999272356073,130.5134949792569,0.31
2026-05-29,South,C,20.0,9.238582501158097,0.08346008453570938,905.2779680202243,2.696339485370247,169.35059249242633,120.94647369616263,0.2858219630877785
2026-05-29,South,D,20.0,8.774016058264294,0.08870593947287905,853.4789329418982,2.2318133943208878,159.91417441731664,115.36062706589817,0.27860911963407475
2026-05-29,South,E,20.0,7.458069464186824,0.07068767921479117,968.3188835205837,2.2861992686529145,138.61751684681514,101.4288206898393,0.2682828043880825
2026-05-29,East,A,21.559931640226477,11.857729754706089,0.10052704090647695,842.4675759919872,1.7433989164005392,229.95191964873354,154.06778616465147,0.33
2026-05-29,East,B,27.021668751082117,10.184745662242896,0.08189247794646462,837.7146771591962,1.1603949743934314,252.67129108188234,174.3431908464988,0.31000000000000005
2026-05-29,East,C,20.0,9.258217080889322,0.06824898419155069,823.9748492171265,4.559531228996823,172.52706339387524,125.14374544927385,0.27464281262601903
2026-05-29,East,D,20.0,8.627534678903361,0.10293970218450943,940.0569694131092,1.5645896569432216,154.78837656941042,111.44763112997549,0.2800000000000001
2026-05-29,East,E,20.0,7.430622113577058,0.0638957640629365,908.1886163816721,0.0,139.11673672334197,101.55521780803964,0.26999999999999996
2026-05-29,West,A,20.0,11.169451008478138,0.07194209308979874,927.7485951544948,0.6687141640489237,207.31794648528515,138.90302414514105,0.33
2026-05-29,West,B,20.0,10.423449686483863,0.09128575599069018,899.8657119993662,2.640812789361381,189.43874403644523,131.44110200502186,0.30615512326383176
2026-05-29,West,C,20.0,9.227878425479798,0.08212485046086539,876.729022596216,1.1028056900829262,169.40080579432447,120.27457211397036,0.29000000000000004
2026-05-29,West,D,20.0,8.605404207477457,0.07858977238872267,853.6428626472785,0.8368262493632351,158.58214898997696,114.17914727278341,0.27999999999999997
2026-05-29,West,E,20.0,7.8447103353092995,0.08117926504297682,956.5983424721413,0.6371999804267299,144.15765031627694,105.23508473088216,0.27
2026-05-30,North,A,20.0,11.148374843246941,0.095318334338287,871.3770636853848,0.9629030104338869,201.71460645219562,135.14878632297106,0.33
2026-05-30,North,B,20.0,10.485647305697528,0.08030055936299468,938.0713902878526,0.30088287385476975,192.87287923533876,133.08228667238373,0.31000000000000005
2026-05-30,North,C,20.0,9.571980992882366,0.07998320417003164,925.0155480508972,0.0,176.12766565633987,125.0506426160013,0.29000000000000004
2026-05-30,North,D,23.245274284332048,8.893980072136348,0.10746431433134848,963.8506677183746,0.4802398146185365,184.5255108460693,132.8583678091699,0.28
2026-05-30,North,E,20.0,7.656072349854231,0.060905713568904014,852.6627311845469,0.8555442351172837,143.79547600502406,104.97069748366756,0.26999999999999996
2026-05-30,South,A,23.153530146495733,11.700179780417415,0.08415229593996232,878.1852396235196,0.14957858194461449,248.10356914203422,166.22939132516294,0.32999999999999996
2026-05-30,South,B,20.0,10.417418939173622,0.09767277279225776,847.1346406408086,2.556385586030883,187.9984149209191,130.34650394498607,0.3066616864838148
2026-05-30,South,C,20.0,8.658259525467486,0.10132440467123313,847.4492767214422,1.098745060680176,155.61933067120918,110.48972477655852,0.29000000000000004
2026-05-30,South,D,20.653803964369605,8.816289986372082,0.0803667308287968,890.7529151030812,1.2065969089360262,167.45595307670163,120.56828621522517,0.28
2026-05-30,South,E,20.0,8.000011820329902,0.0863370113635584,981.8489076349119,2.2260290330391412,146.18629417778956,106.91424883008587,0.26864382580176516
2026-05-30,East,A,20.0,11.68871547311851,0.07558146868007583,751.0281320609931,0.0,216.10530381353368,144.79055355506756,0.33
2026-05-30,East,B,20.0,10.332805807148144,0.08170699348010445,1036.5660437880683,1.684366707175664,189.7708662086461,130.9418976839658,0.31000000000000005
2026-05-30,East,C,20.0,9.09314166145407,0.08456653284220723,901.9828721558059,0.7637268834616645,166.48332397003742,118.20316001872656,0.29000000000000004
2026-05-30,East,D,20.0,8.852476554318757,0.06977578171204349,897.7267973257782,3.531400164778503,164.69576165307257,120.09423908941527,0.27081159901132895
2026-05-30,East,E,20.0,7.586674282752211,0.07953884251609206,908.3386750556394,0.9159706667779922,139.66477983510995,101.95528927963026,0.27
2026-05-30,West,A,22.48192429615299,11.303935372771205,0.07812433376210173,1060.9764848730388,0.8899011339428863,234.28015273034254,156.9677023293295,0.32999999999999996
2026-05-30,West,B,20.0,10.58630803792414,0.07706566503788467,807.5045149848312,1.759287641534908,195.40934337371223,134.83244692786144,0.31
2026-05-30,West,C,20.0,9.15263366769731,0.103790057464398,996.8604252835099,1.721982777676271,164.05362586752847,116.4780743659452,0.29000000000000004
2026-05-30,West,D,20.0,8.90685033486617,0.07911436674042417,866.0222657960114,3.890222710651804,164.04381021943,119.97201937170132,0.26865866373608915
2026-05-30,West,E,20.0,7.297486787577741,0.11496537007337106,876.6115486633784,2.3194475726178974,129.1705703687666,94.54209572014743,0.2680833145642927
2026-05-31,North,A,26.670467344753472,11.671923046279446,0.10949191207063386,881.4247924180022,0.0,277.21128734447785,185.73156252080017,0.32999999999999996
2026-05-31,North,B,20.0,9.70657933089785,0.09590490807169541,951.7741843490594,1.2296034441966417,175.51341464954947,121.10425610818913,0.31
2026-05-31,North,C,27.361034041465963,9.011689077043098,0.07368270526014267,969.1073147088387,1.618664169723996,228.40125095755548,162.1648881798644,0.29
2026-05-31,North,D,20.0,8.342259600716968,0.0958578390536205,756.8690215896626,1.8786393238380357,150.85177245135844,108.61327616497807,0.28
2026-05-31,North,E,20.0,7.975308965956803,0.08602892424618219,888.0713239935512,0.737804068962751,145.78403430169212,106.42234504023524,0.27
2026-05-31,South,A,20.0,11.683933340070041,0.05962604907711816,919.1069028404372,0.6590508613295419,219.74533114642497,147.22937186810475,0.3299999999999999
2026-05-31,South,B,20.0,10.342964795659176,0.06155738903960603,976.4108533564231,1.857128676271321,194.1255777581967,133.9466486531557,0.3100000000000001
2026-05-31,South,C,20.0,9.134777934940397,0.07856174596151044,894.9600985292149,0.6651488472284982,168.34267662801597,119.52330040589133,0.29000000000000004
2026-05-31,South,D,20.0,8.470242873349969,0.06665294015977385,914.0595208093151,1.0077529112346137,158.11352563947645,113.84173846042304,0.27999999999999997
2026-05-31,South,E,20.0,7.721325820765784,0.08784265641123545,999.6491630585523,2.388983180404648,140.86128099306111,103.15749113939393,0.2676661009175722
2026-05-31,East,A,27.03867579107868,11.26644023396301,0.06644698330135591,868.417724993241,1.4242285235401755,284.3879052131284,190.53989649279606,0.3299999999999999
2026-05-31,East,B,20.0,10.08957705145675,0.07288230599571442,877.8947359691496,0.8281522602387942,187.0845081885028,129.08831065006692,0.3100000000000001
2026-05-31,East,C,22.69940257099499,9.14980951031231,0.11707713614083204,879.6953958243923,1.6705081860196493,183.37884920143358,130.19898293301785,0.29
2026-05-31,East,D,20.0,8.564122994610885,0.08652880935756596,840.8275674515702,3.5767113258590237,156.46159257390906,114.13251524365384,0.27053973204484594
2026-05-31,East,E,20.0,7.65193764940353,0.05643353386144074,988.7336492562733,2.2706987820947635,144.40223533920565,105.64816885304862,0.2683758073074315
2026-05-31,West,A,20.0,11.497766533027008,0.054119686069884446,973.3620704332077,0.24119354031566353,217.5102203550952,145.7318476379138,0.32999999999999996
2026-05-31,West,B,20.0,9.92279925626549,0.08344190546687645,867.0424839557124,0.9775875685689768,181.89643957514787,125.50854330685202,0.31000000000000005
2026-05-31,West,C,20.0,8.809566660266412,0.06641952180977252,967.8586853523743,1.6540799921488687,164.48878910680406,116.78704026583088,0.29000000000000004
2026-05-31,West,D,20.216211158247635,8.333734569909595,0.09406065450379472,1027.834654283476,0.7158577065295911,152.6295243878834,109.89325755927605,0.28
2026-05-31,West,E,20.0,7.932119702697932,0.07015270839771914,941.3924510196739,3.5132464547946003,147.51320044437523,109.02397929004104,0.2609205212712325
2026-06-01,North,A,20.0,11.369440380114373,0.09171771807835613,895.0499085792876,2.5526444176155616,206.53322505244728,139.0620973884039,0.32668413349430664
2026-06-01,North,B,20.0,10.389588258161016,0.0819769764051623,843.0918182751874,0.20649514066162422,190.75762453324796,131.62276092794107,0.3100000000000001
2026-06-01,North,C,20.0,9.403870604124423,0.10423973636243072,920.1103532725455,2.2795294207714503,168.4722722312816,119.8978710242471,0.28832282347537136
2026-06-01,North,D,20.0,8.333312287448287,0.07770153559612679,812.5880172504602,0.6758692786605234,153.71602252222965,110.67553621600534,0.28
2026-06-01,North,E,20.0,7.646378326646185,0.0903147872676352,916.9850989926704,2.046111830892447,139.11594589414557,101.59312984855534,0.2697233290146454
2026-06-01,South,A,22.103083328387772,11.48932922594313,0.08619337092833601,925.8794147947391,0.7738555973136404,232.06082908908022,155.48075548968376,0.32999999999999996
2026-06-01,South,B,20.0,10.032579642981949,0.08077748148489271,863.1445312438719,0.8763974903706404,184.44346253250527,127.26598914742863,0.31000000000000005
2026-06-01,South,C,20.0,9.416443731291638,0.09598527762080072,1038.053716636067,2.037433854227337,170.25207531085923,120.91721261892457,0.28977539687463605
2026-06-01,South,D,20.0,9.257940603777659,0.0765870587695517,872.1555460241855,1.7551933517560165,170.97804325342238,123.10419114246412,0.28
2026-06-01,South,E,20.0,7.808903731971561,0.07829125410420375,916.7404499243422,3.2767198471176204,143.9506973123302,106.18671731159148,0.26233968091729426
2026-06-01,East,A,24.032426930550997,11.272750576371571,0.08627748611825577,857.42321894639,1.3659727791906344,247.53798664748246,165.85045105381326,0.32999999999999996
2026-06-01,East,B,20.0,10.86794084493917,0.07604784124731447,851.1244978187199,0.043014579218732196,200.82914809756062,138.5721121873168,0.3100000000000001
2026-06-01,East,C,20.0,9.23666675815412,0.08832194782587971,854.8597785353869,2.1766145517765256,168.4173271731079,119.75477199740709,0.28894031268934084
2026-06-01,East,D,20.0,8.280985133972356,0.07070535525478983,816.8127801781211,0.5822910254997405,153.90950276430416,110.814841990299,0.27999999999999997
2026-06-01,East,E,20.0,7.772152925244722,0.09464998054967196,954.3765389205603,1.5393130660242964,140.73037604082467,102.733174509802,0.2700000000000001
2026-06-01,West,A,20.0,11.715771879511339,0.08265679745007545,926.6016309334029,2.127109600149166,214.94767392590558,144.17887300767103,0.329237342399105
2026-06-01,West,B,20.0,9.825490056152237,0.06931918750725555,948.3063990622777,2.064917281272912,182.8879013719829,126.26388745867686,0.3096104963123626
2026-06-01,West,C,20.0,8.854725158132945,0.06915146471088741,804.6564418403143,1.1426949397331843,164.84815887671417,117.04219280246706,0.29000000000000004
2026-06-01,West,D,20.0,8.294541175898111,0.08129380754337509,891.8937543019764,0.3194056602465094,152.404926837681,109.73154732313031,0.27999999999999997
2026-06-01,West,E,20.0,7.274555065646622,0.07690331362384191,870.7212126745334,2.5247567337507726,134.30235351918583,98.46357445521228,0.2668514595974953
2026-06-02,North,A,20.0,11.790873953576618,0.07540696881542679,930.027577378904,2.604495025205568,218.03519778105277,146.8743896675755,0.3263730298487666
2026-06-02,North,B,20.0,10.319922632649382,0.08480674270769056,861.6158123494487,2.5208828210024743,188.89447218358023,130.92753711992688,0.30687470307398523
2026-06-02,North,C,20.0,9.08462108009884,0.09056222212459678,971.1883933766499,0.4748208055558243,165.2379521585027,117.31894603253691,0.29000000000000004
2026-06-02,North,D,20.0,8.170768731591764,0.09812394238220751,970.1283778684585,3.7340930807977313,147.3804138270942,107.64732609068385,0.2695954415152136
2026-06-02,North,E,20.0,7.621342845400647,0.05507742620392235,917.8557430707431,0.0,144.03157794516602,105.1430518999712,0.26999999999999996
2026-06-02,South,A,20.0,11.271355930418162,0.07905879974046987,798.3069717266496,2.115585287861288,207.6051211822335,139.2394077782564,0.3293064882728322
2026-06-02,South,B,20.0,10.577467670780077,0.06387067429667938,866.0688466915705,2.3697611871649564,198.03755356592055,137.08527156594383,0.3077814328770104
2026-06-02,South,C,20.0,9.374331876800717,0.09111922650477533,819.3884526614431,2.4091596022138764,170.40300014375154,121.4044622445928,0.28754504238671674
2026-06-02,South,D,20.0,8.286826721341296,0.08389312648357308,933.9585791208707,1.7582461869972268,151.83237838120715,109.31931243446914,0.28
2026-06-02,South,E,20.0,7.3890475053688185,0.05975198881556426,913.008420426324,2.3723486799617683,138.95074442940697,101.74447219107506,0.26776590792022936
2026-06-02,East,A,29.047502035572208,11.488816766453033,0.0589225345898456,874.0740573237225,2.466129681004106,314.05771600100786,211.29701945853384,0.32720322191397533
2026-06-02,East,B,21.681975427776354,10.038135142880119,0.10466452565350536,876.3799172125678,0.6234351758168031,194.86672141095633,134.45803777355985,0.3100000000000001
2026-06-02,East,C,20.0,8.82695441822826,0.08495779292881393,865.6676487514403,3.1119104774674904,161.5407170514469,115.77162200148999,0.28332853713519507
2026-06-02,East,D,20.0,7.812641153490361,0.0794160619927274,842.705167831273,1.1869577140737946,143.84383918635675,103.56756421417685,0.28
2026-06-02,East,E,20.0,7.518439079594042,0.07733783769359619,765.8228889764446,1.1228071252109288,138.73958516694418,101.27989717186925,0.27
2026-06-02,West,A,20.0,11.740273371530055,0.04835074029680043,872.0195960597165,0.7336846503842944,223.45244925459525,149.71314100057882,0.33
2026-06-02,West,B,27.765439785431333,10.39215094137409,0.0716424420942035,848.1638925649216,2.804513697115551,267.87074173968153,186.1238458850967,0.30517291781730677
2026-06-02,West,C,21.97645941775759,8.760280688519245,0.09609886747683735,828.0047031341111,1.0938663545290144,174.01900358562762,123.5534925457956,0.29
2026-06-02,West,D,20.0,8.569336044930054,0.07257877354211432,859.1904281435153,2.053953505995324,158.94768289437596,114.49378639252258,0.2796762789640282
2026-06-02,West,E,20.0,7.710555515509149,0.07908615417938097,910.6078557035686,1.05861768763405,142.01514666401832,103.67105706473338,0.26999999999999996
2026-06-03,North,A,24.467840730622136,12.015449788182902,0.09409130632697271,1116.1958536402199,2.4759899498158413,266.33000988210586,179.20172906924037,0.3271440603011048
2026-06-03,North,B,21.193996968513765,10.321160877827925,0.09056022611482481,868.9268854506871,0.4910340224117469,198.93690605698694,137.266465179321,0.31
2026-06-03,North,C,20.0,9.26190349430489,0.07738738156668203,976.1218234103925,1.6382234254743029,170.90298069114664,121.34111629071411,0.29
2026-06-03,North,D,20.0,8.459569749239689,0.06995007354682667,954.1723826636907,2.6352747316531886,157.35644446211725,113.89642745090184,0.27618835161008093
2026-06-03,North,E,20.0,7.521711515272929,0.08248273193025144,963.7071046457839,2.2788297171210314,138.02600401403973,100.98989744017648,0.2683270216972739
2026-06-03,South,A,21.398776260094714,11.646311882839713,0.0809620520356723,881.7114926271122,0.8261483118194394,229.03971690611976,153.45661032710026,0.3299999999999999
2026-06-03,South,B,20.0,10.191330187495351,0.05171640643334795,903.9343957162406,1.102516665070569,193.28542426844788,133.36694274522904,0.31
2026-06-03,South,C,20.0,9.038294051122103,0.08731987056206882,786.0370450234152,0.42104281295136614,164.98142768952408,117.1368136595621,0.29000000000000004
2026-06-03,South,D,20.0,8.691028601375447,0.10531329559229957,797.2215368091806,2.28212823909474,155.5149547455533,112.23401837880994,0.2783072305654316
2026-06-03,South,E,20.0,7.664158595270382,0.08266386675385388,835.8065737477467,2.039304552942874,140.61219220741094,102.68006050752817,0.26976417268234276
2026-06-03,East,A,23.77861321444364,11.605080707444031,0.0923850642995549,875.8390192929971,0.694281833387208,250.45881517901864,167.8074061699425,0.3299999999999999
2026-06-03,East,B,20.0,10.044634508105556,0.07213377660543435,911.5928505162856,0.48041549183255694,186.40154172829267,128.61706379252195,0.31
2026-06-03,East,C,20.0,8.535196530605596,0.08323261953952635,933.9982271433361,0.5716758692109726,156.49579530157231,111.11201466411634,0.29
2026-06-03,East,D,20.0,8.507501634632735,0.07575255006670241,908.7288094355943,1.8031018849503304,157.26073382225331,113.22772835202238,0.28
2026-06-03,East,E,20.0,7.215931921488939,0.05784188054808453,899.4204081249289,0.916113060907781,135.97097698486132,99.25881319894876,0.2700000000000001
2026-06-03,West,A,20.0,11.656302982644867,0.07581168621182474,880.5332594908464,0.5349872752204897,215.45237997069273,144.35309458036414,0.32999999999999996
2026-06-03,West,B,20.301929903797546,10.281221179706145,0.10817568697989693,894.856493688672,0.8310906599965806,186.14926858759875,128.44299532544312,0.3100000000000001
2026-06-03,West,C,20.0,9.094144260199796,0.0724907278101702,864.2415808662889,0.0,168.69806247934463,119.77562436033467,0.2900000000000001
2026-06-03,West,D,20.0,8.068348329719056,0.0680648173749412,940.8650581705064,0.4529082792335455,150.38355348278634,108.27615850760616,0.2800000000000001
2026-06-03,West,E,20.0,7.374030177604781,0.07609657054155318,865.3962034872114,0.0,136.25783540038276,99.46821984227941,0.27
2026-06-04,North,A,23.31381405176313,11.706234472403526,0.0693042937746303,793.901565494057,2.55185486052752,254.00265561207559,171.02281486060917,0.3266888708368349
2026-06-04,North,B,20.0,10.377415466409468,0.10506681842844871,897.1760329426191,1.9934319881836955,185.74186879687298,128.16188946984235,0.31000000000000005
2026-06-04,North,C,20.0,8.594388235989129,0.08194114305343804,822.5915372493517,1.1419373304288254,157.80308480174318,112.04019020923765,0.29000000000000004
2026-06-04,North,D,20.0,8.528782841876952,0.09416623802810409,985.9876057834069,1.6366022830127007,154.51318893397513,111.24949603246209,0.28
2026-06-04,North,E,20.0,7.571166251298165,0.09596468279370773,1097.0113217286312,0.5215591199585655,136.89203367227822,99.9311845807631,0.26999999999999996
2026-06-04,South,A,21.48967957522497,11.595207313209418,0.08787643960958896,955.4755188170825,3.3771364753316426,227.2804767126936,154.15589680517562,0.3217371811480101
2026-06-04,South,B,20.0,10.550867596191875,0.07488655130832474,810.4522219477313,1.6071550728393236,195.2149901720462,134.69834321871187,0.3100000000000001
2026-06-04,South,C,20.0,8.937156427483112,0.08150254456990211,1034.7508961215096,1.215900994639217,164.17510874847963,116.56432721142053,0.29000000000000004
2026-06-04,South,D,22.986896290322143,8.511628292553686,0.08095966567053282,977.420440405195,1.1265570336504849,179.81567921027568,129.46728903139848,0.28
2026-06-04,South,E,20.0,7.494665681338575,0.09467889295497448,897.3571475886029,0.9617009046833506,135.701580631236,99.06215386080228,0.26999999999999996
2026-06-04,East,A,20.0,11.676047586280792,0.10911300408772803,1002.3259417283114,2.221225372799792,208.04077916540854,139.6634654343943,0.3286726477632011
2026-06-04,East,B,20.0,10.25908107050705,0.06585260113445916,954.0548034146753,1.2722344544186572,191.66987793529736,132.25221577535518,0.31
2026-06-04,East,C,20.0,8.746839744349694,0.0602745634169337,934.4016812957714,0.11883606850922623,164.39255594962265,116.71871472423207,0.29000000000000004
2026-06-04,East,D,25.669083953024355,8.840614561000054,0.051560222012809034,965.5480291910253,2.9210759380697837,215.2298915683495,156.15498037487347,0.2744735443715814
2026-06-04,East,E,20.0,7.524199595822375,0.09643283617243714,808.363346332841,2.050433510934785,135.97239377739436,99.3009928487483,0.26969739893439126
2026-06-04,West,A,25.01218246367992,10.965624850979854,0.07665766736364184,901.2875950899924,2.6379567694000485,253.24898847495402,170.6461937174671,0.32617225938359956
2026-06-04,West,B,20.0,10.422336563443087,0.09462127722629872,961.2039699912472,2.81003969286695,188.72323532255498,131.13627224202816,0.3051397618427984
2026-06-04,West,C,22.137138110408742,9.283227139359383,0.08398292973674708,883.3918196631819,1.589508999763814,188.24524647433992,133.65412499678135,0.29
2026-06-04,West,D,20.0,8.261172122795047,0.07576978277097185,1000.8568818602985,1.7414521596024293,152.70449811234516,109.94723864088851,0.28
2026-06-04,West,E,20.0,7.850869072719416,0.09618973484648181,941.6283147959128,1.268553202311209,141.9139211660018,103.59716245118132,0.27
2026-06-05,North,A,20.0,11.83053397351962,0.08953765007398898,911.3067256507693,0.3095162453116447,215.42511524820364,144.33482721629645,0.32999999999999996
2026-06-05,North,B,25.967214053475335,10.154692241363325,0.08671572545142603,827.436397058478,2.0458788377391453,240.82307833331205,166.23421614759346,0.3097247269735653
2026-06-05,North,C,20.0,8.751541211991343,0.07061563840397905,924.972940321585,2.575722967494192,162.67091084575682,116.05826697758995,0.28654566219503486
2026-06-05,North,D,20.0,8.611615255311296,0.07909861628367303,945.9772968704096,1.5125785023518332,158.60896809297606,114.19845702694276,0.27999999999999997
2026-06-05,North,E,20.0,7.610084101388672,0.07531597708090021,835.568097062549,0.0,140.7384636324952,102.7390784517215,0.2700000000000001
2026-06-05,South,A,26.867640050927868,11.59618082864631,0.060146175478979165,892.1485269922591,0.0,292.82274899496264,196.19124182662497,0.32999999999999996
2026-06-05,South,B,24.114453650689875,10.153310466298912,0.09960499330106024,932.9875320492125,1.8519307708186574,220.4540952229283,152.1133257038205,0.3100000000000001
2026-06-05,South,C,20.0,9.33438073043744,0.0749760194408959,843.0081012609721,2.3630924536109084,172.69052038646876,122.98648522296763,0.28782144527833453
2026-06-05,South,D,20.0,8.588000738484407,0.07768950025136201,881.3522047365244,1.9045451930861568,158.41606505906452,114.05956684252645,0.28
2026-06-05,South,E,20.0,8.00137084569849,0.09573429299542163,939.7911013916229,0.7391352549518232,144.70730529582733,105.63633286595395,0.27
2026-06-05,East,A,20.0,11.20382883908442,0.09550714162098464,964.8799139503578,0.0,202.67566342905425,135.79269449746636,0.32999999999999996
2026-06-05,East,B,20.0,10.147113349229867,0.08614626829434935,842.1559776219764,2.0811988119942524,185.45954800467877,128.05744269305416,0.3095128071280346
2026-06-05,East,C,20.60621515833202,9.128342634506305,0.061159178106979434,996.6895310891248,1.3301255164202608,176.59651473509544,125.38352546191776,0.29000000000000004
2026-06-05,East,D,23.27336271648747,8.67933711440217,0.062144847677474455,959.5602632701435,1.9906069024558883,189.44426558385175,136.39987122037326,0.28
2026-06-05,East,E,20.0,7.796238572171979,0.08544894618871296,857.4142752867187,1.4275876611694562,142.60116403888173,104.09884974838366,0.2700000000000001
2026-06-05,West,A,20.0,11.584910441678337,0.08279079265478283,806.3719414694974,2.057575842824816,212.51573046754234,142.45895404702458,0.3296545449430511
2026-06-05,West,B,21.483536288261917,10.713636273655194,0.08117675196166867,921.6301649259991,1.4383346807934592,211.48260094521024,145.92299465219506,0.31
2026-06-05,West,C,26.39142098282868,8.844088059575027,0.08304810400090858,861.7096695408503,0.7003425777023559,214.02395507962186,151.9570081065315,0.2900000000000001
2026-06-05,West,D,20.0,8.83683081040339,0.10701485901033106,873.6383693883561,1.9481421446267064,157.82317214259845,113.63268394267088,0.28
2026-06-05,West,E,24.635996227650338,7.49311137966762,0.07143296128460394,997.726409847132,0.0,171.41372019407024,125.13201574167127,0.27
2026-06-06,North,A,25.124655946402832,12.104451384029112,0.059157149716728114,904.9094862856289,2.9581708074791093,286.12929363393386,193.3515911526836,0.32425097515512535
2026-06-06,North,B,21.41629649932613,9.788055714723882,0.10202122733997945,897.2762975649648,2.2865167513318303,188.23781544006428,130.20769237779047,0.3082808994920091
2026-06-06,North,C,20.0,8.908626174739437,0.07130839871627451,770.3090496816806,1.0365553863746038,165.46732614913756,117.48180156588766,0.29000000000000004
2026-06-06,North,D,20.0,8.797898403545641,0.06947983775354238,881.4121667759534,1.8482030159448188,163.73243699790282,117.88735463849002,0.2800000000000001
2026-06-06,North,E,20.0,7.4431056896972425,0.06674862265868546,895.5290590412856,2.5520748860237426,138.92577273213854,101.87599867534227,0.2666875506838575
2026-06-06,South,A,28.77129850005003,11.511577491198535,0.06610882939474262,944.1560114902214,2.726940876435939,309.30758745462003,208.5851735668707,0.32563835474138436
2026-06-06,South,B,20.0,10.497650169716978,0.07020805559231308,887.9985117958545,1.3727466910147124,195.2126112602567,134.69670176957712,0.31
2026-06-06,South,C,20.0,9.034102462460439,0.10004569186815236,805.7757070508509,1.7373381037938471,162.6055886239161,115.44996792298043,0.29
2026-06-06,South,D,20.0,8.916194014687068,0.07864521484617305,880.8205764572098,0.8525897942983827,164.29956041583682,118.29568349940251,0.27999999999999997
2026-06-06,South,E,20.0,7.955773787377905,0.07410420593620956,903.6156200113121,2.867401527738422,147.3243497651231,108.31351152489587,0.2647955908335695
2026-06-06,East,A,29.05376209615227,11.564173624760771,0.09279848994303613,943.6303746376379,2.2190930460883367,304.8040575474421,204.61940125335514,0.3286854417234699
2026-06-06,East,B,20.51633143446504,10.141787320971103,0.1087315203735929,900.3015349640211,0.5930630149040993,185.4482557485938,127.95929646652971,0.31000000000000005
2026-06-06,East,C,20.0,9.20061018833588,0.07355791031158249,888.1810190357924,1.8147463055895878,170.47665058580876,121.0384219159242,0.2900000000000001
2026-06-06,East,D,20.0,8.502388071564212,0.06349152000454772,909.581132448257,0.0,159.2511705846413,114.66084282094174,0.27999999999999997
2026-06-06,East,E,20.0,7.731674510526144,0.08850756060529541,804.7288150464772,0.0,140.94725720410668,102.89149775899787,0.27
2026-06-06,West,A,30.759538008151107,11.238197809980742,0.08916261546705034,905.5770917487295,0.813062378334154,314.85988170785726,210.95612074426438,0.32999999999999996
2026-06-06,West,B,20.0,10.340385288654911,0.08205161175975048,826.4879516223502,1.0517102263557665,189.83880019007927,130.9887721311547,0.31000000000000005
2026-06-06,West,C,20.0,8.796820300239352,0.08641221563181258,994.5119035883408,4.1264849090369005,160.73335135161525,116.17146173581564,0.2772410905457786
2026-06-06,West,D,20.0,8.478598175564713,0.050918710594947125,989.7954999271899,0.17771360409981574,160.93757777624572,115.87505599889691,0.28
2026-06-06,West,E,20.0,7.425186975458988,0.07751524286473968,814.1261885813855,0.4379537411534453,136.99243607480366,100.00447833460667,0.27
2026-06-07,North,A,20.17298349647889,11.27711763633199,0.06888472130331658,936.5652149684128,0.718808973852994,211.82230862494222,141.9209467787113,0.3299999999999999
2026-06-07,North,B,20.0,10.155357008026536,0.08895418845963325,880.5222362079979,1.35796039176706,185.03990933719373,127.67753744266366,0.31000000000000005
2026-06-07,North,C,20.0,9.267049460889407,0.07779389750737094,845.274683918667,1.5806077756205217,170.9225912986648,121.355039822052,0.29
2026-06-07,North,D,20.0,8.692286875491702,0.08667413093816932,919.6598044107866,1.9552984384165761,158.77780929386407,114.32002269158212,0.28
2026-06-07,North,E,20.0,7.774102972705692,0.09402663141534176,892.9455458837809,2.4112280051906474,140.86260515812364,103.17726165418105,0.2675326319688561
2026-06-07,South,A,25.72628920109931,11.55711517043308,0.08948564288848698,917.2904695238922,1.7820878908348798,270.7156648807469,181.37949547010044,0.3299999999999999
2026-06-07,South,B,20.0,10.375337709586205,0.12267941592361459,904.9696300797464,1.1252049252099168,182.04994678727832,125.61446328322202,0.3100000000000001
2026-06-07,South,C,20.0,8.977995024609516,0.1031667421717801,866.8143668643547,0.8270289822725353,161.03529053372202,114.33505627894263,0.29000000000000004
2026-06-07,South,D,20.0,8.310597068864439,0.05437400160569979,1095.9788055286117,2.131804699211929,157.17433300995359,113.28981766128385,0.2792091718047285
2026-06-07,South,E,20.0,7.1833105167524405,0.093499994966446,990.9542851387478,0.7730750410698431,130.23342039187338,95.07039688606757,0.26999999999999996
2026-06-07,East,A,20.649236930267154,11.342046077729306,0.0773306366638147,884.080555847104,2.257776760936187,216.09340615808176,145.1168052757094,0.32845333943438276
2026-06-07,East,B,20.0,10.150292099255282,0.06092217223248673,774.9291384308563,1.8970316022939802,190.63828511548803,131.54041672968674,0.31
2026-06-07,East,C,20.0,9.289846302207685,0.08454572424399075,895.4468029096834,2.09032057298639,170.08859036944355,120.85507415594861,0.28945807656208167
2026-06-07,East,D,20.5549856844055,8.731174799192448,0.08669211506371512,952.5296488082504,2.427545777313543,163.91061080886521,118.43611551943224,0.27743472533611874
2026-06-07,East,E,20.0,7.264025272077166,0.08630543188763935,976.3330393796996,2.046089230831429,132.74200867455636,96.93837419489913,0.26972346461501134
2026-06-07,West,A,20.0,11.27339223518071,0.08689850399461656,767.996687260021,1.4288330111469134,205.8750262999796,137.93626762098634,0.32999999999999996
2026-06-07,West,B,20.0,9.73689427125276,0.06582115172189935,1027.741531246498,2.8516813728601074,181.9200135224908,126.45443665172402,0.3048899117628394
2026-06-07,West,C,20.0,9.017652115646825,0.08063933784618059,865.4991736522919,3.281226927581568,165.80949240227713,118.99937712470333,0.28231263843451065
2026-06-07,West,D,20.0,8.887181389615716,0.07437816270922613,796.5999924421301,2.2222017089664576,164.52338332384943,118.6761802548086,0.2786667897462013
2026-06-07,West,E,20.0,7.1851007904183986,0.06416849328566443,896.5066226239301,2.3392013551522632,134.48087397183227,98.4447345675974,0.2679647918690864
2026-06-08,North,A,20.0,11.31281259400477,0.07669015890138076,968.8041344523233,1.8011131671006937,208.90462397098005,139.96609806055665,0.32999999999999996
2026-06-08,North,B,20.0,9.992059706434297,0.0823864436328351,928.2363369768708,1.401136884037714,183.3769888530845,126.5301223086283,0.31000000000000005
2026-06-08,North,C,20.0,9.023783034251649,0.07209720206019235,980.411964487592,1.254498510264499,167.46387050967743,118.89934806187097,0.2900000000000001
2026-06-08,North,D,20.0,8.48429831921401,0.08275013320997632,878.9784219234581,3.060350929874458,155.64443006211746,113.05421594160146,0.27363789442075326
2026-06-08,North,E,20.0,7.907994850816255,0.07904368602514028,876.9662429566249,1.2892810209232375,145.65835577479817,106.33059971560266,0.27
2026-06-08,South,A,20.0,11.713559965144208,0.08346514965883271,821.2343542734116,1.7352897091698694,214.71771859231472,143.86087145685087,0.32999999999999996
2026-06-08,South,B,20.0,10.735861706194244,0.07733261412066966,1000.1769415912509,0.7252280044216398,198.11258911232503,136.69768648750426,0.31000000000000005
2026-06-08,South,C,20.0,9.24453872921613,0.077929293870777,888.1289539251896,1.1813269094231957,170.48236707774535,121.04248062519919,0.29000000000000004
2026-06-08,South,D,20.0,8.478018147645026,0.08444049615563926,906.0199345503651,3.3504632338437537,155.2426017768273,113.03256983547077,0.27189722059693755
2026-06-08,South,E,20.0,7.5765036418038445,0.12109256199662459,843.2377739333988,2.3663662349850396,133.1809080968212,97.51482083790741,0.2678018025900898
2026-06-08,East,A,25.635532572152783,11.314496643777565,0.059692887206797135,906.4068507467202,1.151630636765928,272.73903744635766,182.73515508905965,0.32999999999999996
2026-06-08,East,B,20.0,9.91271017736534,0.08015503344773532,927.6367889802264,1.0918268240110458,182.3631312308183,125.83056054926462,0.3100000000000001
2026-06-08,East,C,20.0,9.278528437138325,0.062243613544097076,779.8969200935178,3.14273430193763,174.01998597678343,124.74734168670649,0.2831435941883742
2026-06-08,East,D,20.0,8.604342700757957,0.10496349877246458,939.4000544127674,1.8150430361161707,154.0240157249817,110.89729132198681,0.28
2026-06-08,East,E,20.0,7.343400386471202,0.07264792477640931,810.490302255619,0.2880902800187233,136.19835175183573,99.42479677884008,0.2700000000000001
2026-06-08,West,A,23.638744596598734,11.21920550447801,0.08479331010085042,920.7468114081728,0.19817724777890233,242.72007495088414,162.6224502170924,0.3299999999999999
2026-06-08,West,B,20.0,10.55165388341266,0.08485578343368598,847.1047298502365,2.7357828929941412,193.1257005322917,134.10932488717629,0.30558530264203515
2026-06-08,West,C,20.0,8.85472821047093,0.07379592135883373,849.1899245519003,1.237895777255371,164.0257076759434,116.45825244991981,0.29000000000000004
2026-06-08,West,D,20.0,8.146620669086836,0.044903778264389044,943.9245727670291,0.44365353649654216,155.61613241916143,112.04361534179623,0.28
2026-06-08,West,E,20.0,7.257969288436674,0.10686347856849372,922.4732206415385,0.863503950151746,129.6471488586207,94.64241866679312,0.27
2026-06-09,North,A,24.786231872116478,11.66563153244532,0.05716528654087911,786.7240911337126,1.2689403201005098,272.6178742408994,182.65397574140263,0.32999999999999996
2026-06-09,North,B,30.724143128506476,9.8012811839961,0.0642823967169527,795.2337666293984,0.45939914515849534,281.7782243115464,194.42697477496702,0.31
2026-06-09,North,C,23.200795178964825,9.705611975270873,0.07286376321031074,743.4152150891784,0.1795768531555899,208.7706052077797,148.2271296975236,0.29
2026-06-09,North,D,20.0,8.42090864420964,0.07023055810459783,927.662119997084,1.7213752539762284,156.59007060757926,112.74485083745707,0.28
2026-06-09,North,E,20.0,7.520968782007878,0.06347567255638607,900.8759631595071,2.1658330978067157,140.87140460588688,102.97629221080648,0.2690050014131598
2026-06-09,South,A,24.290462072618134,11.697518887368059,0.058673568964293266,847.112149688163,0.0657777925423968,267.46674019054205,179.20271592766318,0.33
2026-06-09,South,B,20.0,10.388812943994024,0.08526964513981877,927.7540772187642,2.599183993785311,190.05925101671397,131.82416596801286,0.3064048960372882
2026-06-09,South,C,20.0,9.399932445086042,0.08704591009602573,1003.631712375148,1.5681009634377188,171.63413541124737,121.86023614198562,0.29000000000000004
2026-06-09,South,D,20.0,8.42391484877052,0.06743265111833525,986.5935379289729,2.2030254590454112,157.1173587544563,113.31589124651929,0.2787818472457275
2026-06-09,South,E,20.0,7.926978905944959,0.050449774520426365,897.1933561526895,1.444546625192085,150.5412921502372,109.89514326967316,0.2700000000000001
2026-06-09,East,A,20.0,12.095965259495468,0.07900711050966859,901.8173479403454,1.0922692283955668,222.80595991034798,149.27999313993317,0.3299999999999999
2026-06-09,East,B,20.0,10.010033018663771,0.09474859954168106,841.978738603981,0.8710546450672253,181.23192817558785,125.05003044115561,0.31000000000000005
2026-06-09,East,C,24.30047986316867,9.435063600237957,0.08775485708241713,883.2370254418573,1.0448826659613326,209.15644012711672,148.50107249025288,0.29
2026-06-09,East,D,20.0,8.25130672024284,0.06433375267537352,827.5695306520679,0.8819455932147925,154.40938388908177,111.17475640013886,0.2800000000000001
2026-06-09,East,E,20.0,7.654850667438476,0.08351893371340156,853.2163142151708,3.2007927584283165,140.31051403917388,103.43757834373449,0.2627952434494302
2026-06-09,West,A,23.702388471918777,11.5781781448187,0.076192436583117,954.2660430795501,2.2443335887496763,253.5209495323288,170.23069828719508,0.32853399846750186
2026-06-09,West,B,20.684385924961205,10.13609007373805,0.07463704837168197,843.5857554967616,0.13224610120294078,194.0104849436496,133.86723461111822,0.31
2026-06-09,West,C,20.0,8.819007059392641,0.08659885950031497,836.4356297369595,2.69662786898701,161.10582212248022,115.05851854024046,0.28582023278607793
2026-06-09,West,D,20.0,8.241472215117572,0.07542616743591257,942.132695402451,0.8096704208222242,152.39699103803383,109.72583354738435,0.28
2026-06-09,West,E,20.0,7.852915103426661,0.07631418839506701,812.2686316358386,0.8503962904051692,145.07252521546584,105.90294340729007,0.27
2026-06-10,North,A,22.982594566930388,11.723804600556544,0.08409981884805312,1000.0851216729293,3.738831666414424,246.7833027569315,167.91950057660065,0.31956701000151344
2026-06-10,North,B,20.0,10.120493141548232,0.0870454507922803,981.640181457274,0.6619808195743149,184.7910050760397,127.50579350246738,0.3100000000000001
2026-06-10,North,C,20.0,9.164114727714633,0.09030430501656225,911.9668746531254,3.2228298833690587,166.7311143227264,119.60239390362325,0.2826630206997857
2026-06-10,North,D,20.0,8.877179905830644,0.09451325623986703,900.3630514061314,1.1790201596162777,160.76337453406947,115.74962966453002,0.27999999999999997
2026-06-10,North,E,20.0,7.690453236151245,0.0596510022359133,837.8826984598282,0.0,144.634199859328,105.58296589730944,0.27
2026-06-10,South,A,20.0,11.339043996506874,0.08952065963135006,913.7476223507132,1.3310708436752616,206.47930596701357,138.3411349978991,0.32999999999999996
2026-06-10,South,B,20.0,10.084589449269764,0.08880886492617261,849.2798320268464,2.0949524581768015,183.7797701406732,126.91274344269264,0.3094302852509393
2026-06-10,South,C,20.0,9.649711963370583,0.07973603106116543,887.8366327446488,0.8068130538575546,177.60564461055935,126.10000767349713,0.29000000000000004
2026-06-10,South,D,20.0,8.462207904827363,0.07952967948985247,832.6158667439834,0.05655320306316036,155.78422444759894,112.16464160227123,0.2800000000000001
2026-06-10,South,E,20.0,7.55868300749439,0.07150716087709999,904.2710398789944,1.322986413923563,140.36366091316975,102.46547246661392,0.27
2026-06-10,East,A,27.900965059312554,11.475197066193488,0.0859865480794738,940.0467006518937,0.958399698566079,292.6388390557444,196.06802216734877,0.32999999999999996
2026-06-10,East,B,21.981992439510297,10.416454250794954,0.09070190693666733,893.1107813939553,2.088735622881146,208.2060021818805,143.77299324124473,0.30946758626271326
2026-06-10,East,C,20.0,9.365877232112881,0.07021888145895809,912.7001978565254,0.8715922213031344,174.16431617983986,123.6566644876863,0.29
2026-06-10,East,D,20.0,8.293973375183999,0.07887856154880038,744.930391907757,1.4060012257712151,152.7951337165087,110.01249627588626,0.28
2026-06-10,East,E,20.0,7.560670541787883,0.07759560585765471,814.8941191043788,2.9159142745772684,139.4799146081546,102.58684753279141,0.2645045143525364
2026-06-10,West,A,20.0,10.846951050420166,0.07278625000738789,864.3015976566021,1.1043564458739992,201.1488431889277,134.76972493658158,0.3299999999999999
2026-06-10,West,B,24.711017419633585,10.41515438058424,0.08116785086400956,971.8332767674805,1.1293869464601378,236.47896774000714,163.1704877406049,0.3100000000000001
2026-06-10,West,C,20.0,8.895432490270386,0.05425626983773173,952.8250532020826,1.0586855061043172,168.255990095099,119.46175296752028,0.2900000000000001
2026-06-10,West,D,26.294739564993613,8.515402586547369,0.06851966727319544,938.6368427413919,0.3150347917157861,208.56803450807934,150.1689848458171,0.2800000000000001
2026-06-10,West,E,20.0,7.737586275351222,0.09226567409394368,884.623682964301,1.936279453232864,140.4734532359179,102.54562086222006,0.27
2026-06-11,North,A,24.143607815985476,11.542734592782075,0.06832814237209113,875.3824434272639,3.3504123223750257,259.6413478620964,176.0634403209108,0.32189752606574984
2026-06-11,North,B,22.152108257893605,9.59534642932607,0.09914706324171393,902.0883650988646,2.9687637446545816,191.4827353959048,133.23609661384734,0.30418741753207257
2026-06-11,North,C,20.0,9.23962879540189,0.07035824645538914,843.3958671089212,2.0471223054393404,171.79089430917386,122.02010605747344,0.289717266167364
2026-06-11,North,D,20.0,8.781735785803075,0.09461986536050304,848.6496559549272,0.7936244978842074,159.01618256237757,114.49165144491184,0.2800000000000001
2026-06-11,North,E,20.0,7.783159891616372,0.06500022828784405,952.2792767444006,1.8567126390359525,145.54505443721035,106.24788973916355,0.27
2026-06-11,South,A,20.0,11.752515924216231,0.07543534745765311,831.5927638207701,1.2861443990060857,217.31921603942757,145.6038747464165,0.3299999999999999
2026-06-11,South,B,21.897365753293563,10.008369888255281,0.08524657726572589,826.3051855821836,1.4286839328740653,200.47455735614582,138.3274445757406,0.3100000000000001
2026-06-11,South,C,20.0,9.445718059760184,0.08302486313951721,921.3729801144084,0.4908496586331581,173.22977221188256,122.99313827043662,0.29000000000000004
2026-06-11,South,D,20.0,9.363511600561045,0.0842768576201341,999.4019542450973,1.1193751529336355,171.4876853315218,123.47113343869569,0.28
2026-06-11,South,E,20.0,7.623580039095274,0.1099164274202161,778.6689268746345,1.3838007156402459,135.712467140917,99.0701010128694,0.2700000000000001
2026-06-11,East,A,21.044827090058526,11.86362951023976,0.08564104394481156,852.0330034974684,0.6611438904874822,228.28620082877643,152.95175455528022,0.32999999999999996
2026-06-11,East,B,20.0,10.290299471013498,0.1000729419940798,931.920852747639,2.5524230127991707,185.21037857898108,128.4090480715146,0.30668546192320495
2026-06-11,East,C,20.0,8.76801687150164,0.08799878031820645,884.2103085251977,0.15452890206710568,159.9288416200008,113.54947755020056,0.2900000000000001
2026-06-11,East,D,20.0,8.215601501159329,0.06463606498461705,935.2555201266838,1.4058789354321815,153.69154697285353,110.65791382045454,0.28
2026-06-11,East,E,20.0,7.751763358692638,0.08110484892488291,825.0365102908836,0.7538052464429507,142.46115525168858,103.99664333373266,0.27
2026-06-11,West,A,20.0,11.602483896245142,0.08504935559941014,845.0026080212748,0.0,212.31400235033917,142.25038157472724,0.33
2026-06-11,West,B,24.844084916344162,10.219803761951034,0.05874486630345521,897.9740787379665,3.8558211815981513,238.98625268561955,167.5616088521459,0.29886507291041126
2026-06-11,West,C,20.0,9.199881189011283,0.07448606800759722,1048.5172489546158,0.7724263181786057,170.29236426209548,120.90757862608778,0.29000000000000004
2026-06-11,West,D,20.0,8.705484300277169,0.08864433787577317,989.4271134218192,0.49668260963831545,158.67584817182322,114.24661068371272,0.28
2026-06-11,West,E,20.0,7.670821699537661,0.055409151418031474,922.280384185718,0.0,144.91575956974512,105.78850448591393,0.27
2026-06-12,North,A,20.0,11.002708107175682,0.08810914254420614,997.2692181006043,3.620080771050789,200.66537860376494,136.39636839227202,0.32027951537369526
2026-06-12,North,B,20.0,10.202211326674236,0.0933155938517587,875.952499682201,2.622128019834907,185.00371836248982,128.34314165191967,0.30626723188099064
2026-06-12,North,C,20.0,9.175153701691134,0.08830814480418248,891.5940328451879,1.366923557988733,167.29825800003124,118.78176318002217,0.2900000000000001
2026-06-12,North,D,20.686558616604337,8.802380175610722,0.08716115860154132,872.9487966441508,3.2191090700229283,166.21969499324146,120.89402002183007,0.2726853455798625
2026-06-12,North,E,20.0,7.735628860883887,0.12906539183321886,851.7458323447861,0.3075180732175222,134.74453781755102,98.36351260681224,0.2700000000000001
2026-06-12,South,A,21.120596956611443,11.599308513244749,0.10925208476262528,963.3442963085719,0.8316253167004661,218.21927238034291,146.20691249482977,0.32999999999999996
2026-06-12,South,B,22.12083600821744,10.37616195805516,0.0655850548711352,986.052745192079,2.907758805254198,214.47568027924507,149.15637251639728,0.30455344716847493
2026-06-12,South,C,20.0,9.151086921802237,0.08339162015066558,944.854959397685,1.4212642077606223,167.75925914507164,119.10907399300086,0.29
2026-06-12,South,D,20.0,8.28786875616184,0.06427112532758612,915.5492569784616,0.7479637463477079,155.10396209271954,111.67485270675806,0.2800000000000001
2026-06-12,South,E,20.0,7.653835948322187,0.08751219700319167,1002.5962117841743,0.8726790740831211,139.6806389796501,101.96686645514457,0.27
2026-06-12,East,A,20.997028952651107,11.391643253804622,0.08723579355998679,844.6625885193956,0.0,218.3246759004109,146.27753285327532,0.32999999999999996
2026-06-12,East,B,24.05014949736358,9.765644517734472,0.09676361295399734,874.1381263523376,3.0111365663591347,212.13880425576974,147.6627827492414,0.3039331806018452
2026-06-12,East,C,20.0,9.379771771212756,0.07299816217934721,853.019584340853,2.3677755205261812,173.9013134050501,123.85367239393193,0.287793346876843
2026-06-12,East,D,20.0,8.300165883918757,0.08513970798792206,887.1120947517985,2.6579690525655497,151.86984368621202,109.94584139705361,0.27605218568460677
2026-06-12,East,E,20.0,7.3293232944282956,0.08591899132055811,927.5607499520079,3.3441164133942696,133.99190459817493,98.8946946660619,0.26193530151963434
2026-06-12,West,A,20.0,11.691545991712571,0.07640752046619881,832.9078626013315,1.1217147826357936,215.96447904138577,144.69620095772848,0.32999999999999996
2026-06-12,West,B,25.300697062918395,9.565198020626083,0.09196788800418904,871.2761487983871,1.036255062202463,219.749380441109,151.6270725043652,0.31000000000000005
2026-06-12,West,C,24.691311639866054,8.921467226949988,0.06979896268957385,928.9693170068567,1.3696057610804697,204.90722170157773,145.48412740812017,0.29000000000000004
2026-06-12,West,D,20.0,8.106535267366029,0.06701452728677353,905.2343752394858,2.7813338564645194,151.26559276979873,109.6203603679504,0.2753119968612129
2026-06-12,West,E,20.0,7.5346446982067405,0.07010753455740096,886.8265700064244,3.177569449875411,140.1281866929895,103.28364031617893,0.2629345833007476
2026-06-13,North,A,20.0,11.774035591588834,0.06916459461698922,900.7172678811828,0.9052726562260033,219.1937838578118,146.85983518473392,0.32999999999999996
2026-06-13,North,B,20.0,10.264902836975804,0.11137503634093232,733.536222607444,1.8362482463523704,182.4329782094297,125.87875496450648,0.31000000000000005
2026-06-13,North,C,20.0,9.1094699986224,0.08065175036527186,897.9925198627641,1.7459473093961706,167.49550596667146,118.92180923633673,0.29000000000000004
2026-06-13,North,D,20.0,8.653261052442696,0.0718687880420825,1111.6647016835673,0.5523136643608244,160.62723335983767,115.65160801908313,0.27999999999999997
2026-06-13,North,E,20.0,7.6250357281150185,0.05756509623686949,834.6742114517465,1.616468415051422,143.7219962523302,104.91705726420105,0.26999999999999996
2026-06-13,South,A,20.0,11.76126616644278,0.0870801435256711,776.0156613125696,2.068409524574819,214.74186841250648,143.9651941711258,0.32958954285255104
2026-06-13,South,B,25.17940763124448,9.902029672264531,0.10292841221440797,940.4132919249276,2.521543865981486,223.66438440578662,155.02832996634493,0.3068707368041112
2026-06-13,South,C,20.0,9.137897461204881,0.0729361788403271,882.5089418640108,1.5290395715052918,169.4282827549974,120.29408075604816,0.29000000000000004
2026-06-13,South,D,20.0,8.780446037746147,0.07878339265175958,860.7770937019162,1.015199600497763,161.77385419793612,116.477175022514,0.28
2026-06-13,South,E,20.0,7.376560915426381,0.04617236662288935,936.3372098569776,1.9071298032082762,140.71935280846475,102.72512755017927,0.27
2026-06-13,East,A,20.907943099921905,11.213024281202498,0.08133403311333928,828.0938582318638,0.035467631686411316,215.3732193352888,144.3000569546435,0.32999999999999996
2026-06-13,East,B,20.0,10.410984767722889,0.07456083574344624,1036.8284760787872,1.0521335882235394,192.69466085058363,132.9593159869027,0.31
2026-06-13,East,C,20.0,9.184748627618706,0.07445448882186838,746.9515491987995,0.9036283323632223,170.01805727183995,120.71282066300635,0.29000000000000004
2026-06-13,East,D,20.0,8.612077426439095,0.0773125101017988,951.5300983582739,1.3627732981637442,158.92512206820098,114.42608788910469,0.2800000000000001
2026-06-13,East,E,20.0,7.452529667111548,0.06295545705661204,961.2958872297311,3.271509282486746,139.6670451138116,103.02247059900071,0.26237094430507957
2026-06-13,West,A,20.0,11.121559593340006,0.07801481489963771,807.2932454346178,1.0275597879275753,205.07826360540594,137.40243661562198,0.33
2026-06-13,West,B,27.631180466037662,10.278134978495643,0.08712224484294637,950.5591903024601,0.8079850507677862,259.25454606342174,178.885636783761,0.31000000000000005
2026-06-13,West,C,20.0,9.029164206573125,0.0891650293973789,1011.7919501895688,0.0,164.4815702932054,116.78191490817584,0.29000000000000004
2026-06-13,West,D,20.0,8.820236052195106,0.06386870365071773,818.6669844880131,0.5768348759718069,165.1379801929616,118.89934573893235,0.28
2026-06-13,West,E,20.0,7.616495825479561,0.07303382271153229,811.338261118841,0.4859308071147206,141.20468039356723,103.07941668730408,0.27
2026-06-14,North,A,20.182934358032718,11.38360330510285,0.06971589511462607,894.2372025265087,3.0470894861316093,213.73697636731663,144.54658461061283,0.32371746308321026
2026-06-14,North,B,23.857660835679766,10.066686954329326,0.08367164425697986,781.1664383337314,1.4445239837436652,220.07238484710544,151.84994554450273,0.3100000000000001
2026-06-14,North,C,22.70386590113747,9.066211598241896,0.09119627329449441,888.4608932894165,0.7479712775384406,187.0663890805909,132.81713624721954,0.29000000000000004
2026-06-14,North,D,20.0,8.808999620690848,0.08467114021176014,995.0728902973485,1.867053526680888,161.26263157363982,116.10909473302067,0.28
2026-06-14,North,E,20.0,7.791335634034071,0.05867408979443806,829.7278304792053,0.8043208804833164,146.683722148483,107.0791171683926,0.27
2026-06-14,South,A,22.428994019684115,11.542662985437513,0.05914231349554108,795.4121364996855,1.3112557869887724,243.5789466601135,163.19789426227607,0.3299999999999999
2026-06-14,South,B,20.0,9.786156874003202,0.0879324124007692,1033.5563945342817,1.8779626260340736,178.5127298387946,123.17378358876826,0.31000000000000005
2026-06-14,South,C,20.0,8.994271436044373,0.09227105139911729,832.626917742324,0.10233611905482154,163.2872110814302,115.93391986781543,0.29000000000000004
2026-06-14,South,D,20.0,7.960437584313018,0.07944258822599176,907.0914938607284,0.4797367078815793,146.56079638407462,105.52377339653373,0.28
2026-06-14,South,E,20.0,7.706062034363796,0.08028991135501085,900.4714173871135,2.9003659168813307,141.74685993457027,104.24095200129652,0.26459780449871206
2026-06-14,East,A,20.0,11.43827853604318,0.059836454044749035,941.2895172420691,1.90613725470544,215.07705016140386,144.10162360814059,0.33
2026-06-14,East,B,31.254022042792844,10.044541002348899,0.07598308139487225,914.8479590791857,0.9242414755617844,290.078761945686,200.1543457425233,0.3100000000000001
2026-06-14,East,C,20.0,9.086656288892872,0.09629488875309548,969.0321833523499,0.8830204962452225,164.23315464832635,116.6055398003117,0.29000000000000004
2026-06-14,East,D,20.0,8.496992520025263,0.07527595038864282,842.8093944480545,3.9266677587313694,157.1474666527034,114.9628017341429,0.2684399934476118
2026-06-14,East,E,20.0,7.412445232439467,0.10678431122931958,852.5155084811199,2.3868263287992035,132.41824747536728,96.97265784423963,0.2676790420272048
2026-06-14,West,A,23.60108944335372,11.564423930319139,0.07225062857037892,927.2513773773087,2.258164217228173,253.21342247693246,170.0452169295773,0.32845101469663096
2026-06-14,West,B,20.0,10.189520072189417,0.08646581738899477,904.1365333117512,1.7293876614924595,186.16949780691982,128.45695348677467,0.31000000000000005
2026-06-14,West,C,20.0,9.523441560190623,0.0642437008497718,877.5831480388997,1.9276362188797451,178.23240859074903,126.5450100994318,0.29000000000000004
2026-06-14,West,D,22.823145998044886,8.27412936569404,0.06897105107359502,922.6425535665427,0.5301819367381747,175.81705456945986,126.58827929001109,0.28
2026-06-14,West,E,20.0,7.480367876310558,0.04771451265718573,864.9849598870617,1.7404213541280904,142.46891537191865,104.00230822150061,0.27
2026-06-15,North,A,20.0,11.771402350743514,0.06038499652422591,850.9271423208537,2.296943690028215,221.21172521417205,148.6059804492709,0.3282183378598307
2026-06-15,North,B,26.00785688947713,10.387387634731535,0.06487928193688958,942.3867643657017,0.5829174477896937,252.6263135710735,174.3121563640407,0.31000000000000005
2026-06-15,North,C,20.0,9.05766437324466,0.09908358292658147,906.3905640522818,0.7513111266300435,163.2039706839426,115.87481918559924,0.29000000000000004
2026-06-15,North,D,20.0,8.7022793720964,0.07760580998718991,778.2829176235348,1.2110941191473419,160.5386386538009,115.58781983073663,0.28
2026-06-15,North,E,20.0,7.679589806643683,0.07793176716586646,972.7477526743843,1.5749270785662264,141.62211603805932,103.38414470778329,0.2700000000000001
2026-06-15,South,A,20.0,11.440954924441838,0.08283066445116827,1000.2033979749192,0.795840062425484,209.86586052188912,140.61012654966572,0.32999999999999996
2026-06-15,South,B,21.102934008065738,10.272533331772188,0.1069134766899288,899.4591603226023,0.0011047203898577607,193.60382611993262,133.5866400227535,0.31000000000000005
2026-06-15,South,C,20.0,8.87136123830152,0.08451071812726593,948.3390122791977,0.3934175062121219,162.43272258572532,115.32723303586496,0.29000000000000004
2026-06-15,South,D,20.0,8.568083350282082,0.05220803277402582,939.5297002249213,0.5332064788339654,162.41521147839939,116.93895226444755,0.28
2026-06-15,South,E,20.0,6.926499345576878,0.0986424557580236,842.6647735199969,1.6366565062538323,124.86504880645661,91.15148562871333,0.26999999999999996
2026-06-15,East,A,27.65477798783332,11.330614996773276,0.06967321823593678,1024.6726921469606,1.8583526510140362,291.51384288900323,195.31427473563218,0.32999999999999996
2026-06-15,East,B,27.55793588986443,10.289927874726025,0.0869357848827548,812.0111427241455,2.291498932084825,258.9168640872763,179.10548015650176,0.3082510064074912
2026-06-15,East,C,20.500741685759913,8.916481632964118,0.08477717100194872,935.084582897995,1.2725323723926627,167.29768724576778,118.78135794449511,0.29000000000000004
2026-06-15,East,D,20.0,7.731742432294675,0.08268337567557771,931.2149843836918,2.142152952299263,141.849117362769,102.25235012607865,0.2791470822862044
2026-06-15,East,E,20.0,8.0105404229826,0.08467059693682492,973.1144325835398,1.9376733001931064,146.64566367164196,107.05133448029862,0.27
2026-06-15,West,A,23.442964998482996,11.27549556164645,0.04342493879330567,953.2661868116782,1.0228790979819187,252.85248822068024,169.41116710785576,0.33
2026-06-15,West,B,20.0,10.400294593070432,0.08223092263880409,879.3348305015537,2.7880660702621847,190.90137545933771,132.62460644753833,0.305271603578427
2026-06-15,West,C,20.0,9.226471266133839,0.1025240280894679,867.9114207812789,0.0,165.6107253375613,117.5836149896685,0.2900000000000001
2026-06-15,West,D,20.0,8.886474119944662,0.08360107268963121,952.9982858072111,1.207295835578513,162.87110702177284,117.26719705567645,0.27999999999999997
2026-06-15,West,E,20.0,7.510084580333173,0.08495460968266319,1032.3321295292117,2.680527262411969,137.4413655225436,100.89339240878415,0.26591683642552816
2026-06-16,North,A,25.287670935790462,11.511034724166398,0.07918887235943138,891.9029010264385,2.057396557193623,268.03638649733506,179.6766851479399,0.3296556206568382
2026-06-16,North,B,20.0,9.93553093386728,0.09945585794736739,869.7521767682891,0.35981527285132153,178.94768361353803,123.47390169334123,0.31000000000000005
2026-06-16,North,C,20.0,9.59774671997216,0.07365975522721509,861.4428157866345,0.8339841860396037,177.81558091692406,126.24906245101607,0.2900000000000001
2026-06-16,North,D,22.6775832644659,7.7969132516234945,0.0649589298177712,941.3617451444146,4.231288709159552,165.32942658440078,121.25057323774612,0.26661226774504276
2026-06-16,North,E,20.0,7.589520504456306,0.08101181849101792,1028.7651401975795,2.346125245905606,139.49359293830867,102.1200163699135,0.26792324852456634
2026-06-16,South,A,21.79143285484096,11.36505292424676,0.09180626663147307,827.666375280768,0.8017473031371389,224.92397538156825,150.69906350565074,0.32999999999999996
2026-06-16,South,B,20.0,9.8087179013749,0.06655332265813592,921.9265569162302,0.32221023229912893,183.11830268044122,126.35162884950444,0.31
2026-06-16,South,C,20.0,8.314083424493814,0.06434132338115801,857.6185358489624,1.0281403522785806,155.58288588521066,110.46384897849956,0.2900000000000001
2026-06-16,South,D,20.830073028842513,8.346614360177712,0.09321385194798797,897.0386692029181,1.4810174003191383,157.6543716810044,113.51114761032316,0.27999999999999997
2026-06-16,South,E,20.0,7.585304337104808,0.06852355809653875,883.4625257163418,1.6700243142545705,141.31064589362558,103.15677150234667,0.27
2026-06-16,East,A,20.0,11.747973584925148,0.08640260720032138,910.1845132924717,1.0519372658577517,214.6583607573422,143.82110170741927,0.32999999999999996
2026-06-16,East,B,20.0,9.983102265684181,0.08105744343531746,833.854631506593,0.8789882451926255,183.47795036948992,126.59978575494803,0.31000000000000005
2026-06-16,East,C,20.0,9.010348161615342,0.08850455989375586,1076.4496084510579,0.8053406466211404,164.25782526164127,116.6230559357653,0.29000000000000004
2026-06-16,East,D,20.0,8.826082533165119,0.09192864518110638,844.909861156922,3.352864974938573,160.29425447269244,116.71300211569853,0.27188281015036864
2026-06-16,East,E,20.0,7.488468597911779,0.08837327863321306,919.2830827677449,1.6515169717479785,136.5337615194491,99.66964590919783,0.2700000000000001
2026-06-16,West,A,28.826435537151788,11.595514393615625,0.09198369391386532,823.3224417548774,0.5604372581472411,303.511122583521,203.35245213095908,0.32999999999999996
2026-06-16,West,B,27.11790006409594,10.225225383786766,0.07065156224830799,854.5613814853219,0.8786055064528818,257.6959057774165,177.81017498641737,0.31000000000000005
2026-06-16,West,C,20.0,8.779213049349085,0.05749369396669238,858.495189077572,1.3049956223455808,165.48927322042832,117.4973839865041,0.29
2026-06-16,West,D,20.35038677641809,8.573269163316729,0.08397976520116975,891.5280108954017,0.7568795924455494,159.8174489173057,115.0685632204601,0.28
2026-06-16,West,E,20.0,7.779048934928168,0.07859162260222452,900.559251623556,2.5791237793242088,143.35361713660114,105.1462574409345,0.2665252573240547
2026-06-17,North,A,25.680807608042038,11.377536947852713,0.05281117450147038,950.7726844202638,1.7683589880185226,276.75373938157617,185.42500538565605,0.32999999999999996
2026-06-17,North,B,21.490941243712392,10.30554666535936,0.0747711955106752,938.6209788330647,0.6932537485544077,204.9158802090659,141.39195734425547,0.31
2026-06-17,North,C,20.0,8.959775227289043,0.09664136283788086,859.1533634846272,0.6171344854523995,161.87780677205492,114.933242808159,0.29000000000000004
2026-06-17,North,D,22.659840738677417,8.717145484433479,0.07462986041163466,910.8354571166686,1.7873807096435506,182.78755709542406,131.60704110870532,0.28
2026-06-17,North,E,20.0,7.373381512631655,0.07923730074336077,917.2971795381294,1.1433885234406937,135.78269328439447,99.12136609760796,0.27
2026-06-17,South,A,25.626657818956946,11.419616053836519,0.06413517805815702,877.1363666502538,1.8248516585110452,273.87765168308874,183.49802662766947,0.32999999999999996
2026-06-17,South,B,20.0,10.12705657021173,0.11362756700016478,872.8166267807147,0.0,179.52687542531075,123.8735440434644,0.31000000000000005
2026-06-17,South,C,20.0,8.904714376929306,0.09349738748192425,896.6571767058022,2.3132576787196393,161.4429369282737,114.92792465708132,0.28812045392768215
2026-06-17,South,D,20.0,8.472010791442088,0.07842820019528284,886.840062893824,1.4216269718742374,156.15132466068542,112.4289537556935,0.28
2026-06-17,South,E,20.0,7.7883030162069655,0.06154609778602135,777.6037379361534,0.44933610076685104,146.17926714368653,106.71086501489117,0.26999999999999996
2026-06-17,East,A,27.785884778477925,11.562580823297615,0.08757901273899156,1024.9463686016097,0.07050176163653155,293.13945644013177,196.4034358148883,0.32999999999999996
2026-06-17,East,B,20.0,10.242051451777813,0.09281576991017558,861.7572949041133,0.5130202442039281,185.82855121642848,128.22170033933565,0.31
2026-06-17,East,C,20.0,9.814368268866176,0.08451687114278036,984.3971201634369,3.1063611506307183,179.69777141077242,128.77828150051118,0.2833618330962158
2026-06-17,East,D,20.0,8.252701057092331,0.09589630416227353,1012.0612586573965,0.001889658351952983,149.22595052722176,107.44268437959965,0.2800000000000001
2026-06-17,East,E,20.0,6.937444113175456,0.07489240857452242,883.4083288872164,2.1539478209229403,128.3576442837721,93.81964260497136,0.2690763130744623
2026-06-17,West,A,25.943098230885116,11.287493958071925,0.06041026440818589,902.209596710294,1.4285545969523947,275.14247188390885,184.34545616221894,0.32999999999999996
2026-06-17,West,B,20.0,10.506822786660548,0.06724688937291413,904.7578979814538,1.8131656073323494,196.00543274130345,135.24374859149938,0.31
2026-06-17,West,C,20.0,8.770242454082872,0.08017866524372948,940.5488868329168,3.481199998686964,161.34112240501236,115.9860677293255,0.28111280000787836
2026-06-17,West,D,20.0,7.722377983720166,0.0909958038950657,979.8886178657259,1.403786517071801,140.39347982219985,101.08330547198389,0.28
2026-06-17,West,E,20.0,7.687553124464631,0.09269260194541794,870.1740100838255,1.0525363617935182,139.49947645528755,101.83461781235991,0.27
2026-06-18,North,A,21.445218703743354,11.635669086640082,0.07978498993232133,867.6645367513079,2.4739963377594867,229.62076220906457,154.4989470822371,0.32715602197344307
2026-06-18,North,B,20.0,10.694243842028294,0.07093049395186331,895.3937675249471,0.9315579162822527,198.71391687743107,137.11260264542744,0.31
2026-06-18,North,C,20.0,9.003329089377928,0.07973849154576487,912.2373528914565,1.460237768571826,165.70834417801655,117.65292436639174,0.29000000000000004
2026-06-18,North,D,20.0,8.970219076751963,0.07779067529698164,803.5329060926183,2.0806226194469852,165.4483935441912,119.20287664904262,0.2795162642833181
2026-06-18,North,E,20.0,7.431921033419896,0.10204585646762818,953.0655990858064,0.9141863931641172,133.47048572729562,97.4334545809258,0.2700000000000001
2026-06-18,South,A,20.0,11.386845265086514,0.07631674752198972,767.7103138678917,2.7838451268293003,210.35676539837885,141.9283555696324,0.32529692923902415
2026-06-18,South,B,20.0,9.713173708577544,0.06368746820357825,786.9863122136728,0.6883999488078928,181.8913253371336,125.50501448262217,0.31000000000000005
2026-06-18,South,C,20.0,8.596321379766646,0.06473016914348478,928.2511649196772,2.7004203999102003,160.79760085685194,114.8420521277454,0.2857974776005389
2026-06-18,South,D,20.0,8.249305360930222,0.056958725614329145,896.9753121172789,0.36084392446571933,155.58870880736367,112.02387034130184,0.28
2026-06-18,South,E,20.0,7.82559185428383,0.08945918543725,901.7184882682792,0.7624431359320558,142.5104156287044,104.03260340895422,0.27
2026-06-18,East,A,21.417704261925287,11.449702559126312,0.11055691845439719,883.5726228854418,0.0,218.11487445946784,146.13696588784347,0.3299999999999999
2026-06-18,East,B,25.79395903207637,9.833527126241615,0.07034378862100625,884.3697194562211,0.9709615024323605,235.80320365701527,162.70421052334052,0.31000000000000005
2026-06-18,East,C,20.0,9.24882151508451,0.08999430923769716,839.0738427996243,2.0083753250179477,168.32960423143456,119.52247789519201,0.2899497480498924
2026-06-18,East,D,20.0,8.275139940107728,0.07501105008842732,906.6986764317379,3.653467927170878,153.08826007143122,111.74230641975751,0.27007919243697476
2026-06-18,East,E,20.0,7.645083835165978,0.05972306110905036,827.1213804835846,0.30098960748498826,143.76992052189095,104.9520419809804,0.27
2026-06-18,West,A,20.0,11.734242248897301,0.08867597297025259,823.075280408662,2.0229953282473283,213.87393800815374,143.3250470739113,0.329862028030516
2026-06-18,West,B,20.0,10.268000276720796,0.07057520021917381,930.8951084770964,1.2216335596989016,190.8666820268139,131.69801059850158,0.31
2026-06-18,West,C,20.0,9.156514897275507,0.10389092684029352,982.5536466803444,1.3281412010130025,164.10472155941198,116.5143523071825,0.29000000000000004
2026-06-18,West,D,20.0,8.133189501628308,0.06346794456104714,840.1615558147051,0.6664041169301036,152.33985362468945,109.6846946097764,0.28
2026-06-18,West,E,20.0,7.753661012020455,0.09882737625057084,868.8024310762753,1.8081750887250823,139.74774075732256,102.01585075284547,0.27
2026-06-19,North,A,20.0,11.517647393854334,0.08038655290542487,1047.4368208392334,1.6829287535389577,211.83566844564467,141.92989785858194,0.32999999999999996
2026-06-19,North,B,23.929635975321297,10.396265229562495,0.065568843048926,893.3608775150049,0.9870052508032565,232.46670157206432,160.40202408472436,0.3100000000000001
2026-06-19,North,C,20.0,9.22511613124628,0.08535363273823557,983.7771696367287,0.4116922069453075,168.75437914024624,119.81560918957483,0.29000000000000004
2026-06-19,North,D,20.0,8.067732213314438,0.07922985712482546,968.0954653005018,1.7812064559229048,148.57053885464364,106.97078797534341,0.2800000000000001
2026-06-19,North,E,20.0,7.806984566861802,0.08280712980155323,800.9383258562241,0.18494539096242057,143.21021164949906,104.54345450413432,0.26999999999999996
2026-06-19,South,A,24.63940716635545,11.798996044595443,0.08484363845607085,973.9626894329125,2.995706721180029,266.0545024126677,179.84599015400238,0.3240257596729198
2026-06-19,South,B,20.0,9.972172127816581,0.10597143126548515,872.9912857771865,2.036301432208273,178.30813549212158,123.07145053372038,0.30978219140675045
2026-06-19,South,C,20.0,9.164195945378465,0.054934113727423184,833.2500429714181,2.1996732753528625,173.21537926189308,123.19043816865634,0.28880196034788286
2026-06-19,South,D,20.0,8.36959491566046,0.07603371930912944,888.7139398173439,0.7430901272349352,154.66446970224032,111.35841818561303,0.28
2026-06-19,South,E,20.319245053291745,7.94626490676216,0.08531718432493185,959.094083348502,1.4747057344350476,147.6866118190414,107.81122662790021,0.27
2026-06-19,East,A,27.985435058426262,11.292545404448118,0.07883841698551697,978.6171477182627,0.0,291.1117437340971,195.04486830184507,0.32999999999999996
2026-06-19,East,B,29.469906792408693,10.220020656155771,0.048124848126454754,836.7137583695644,2.108890516577031,286.68866731775813,198.00248651173916,0.30934665690053786
2026-06-19,East,C,20.0,9.25664409744775,0.08381831188269087,854.5276057178835,1.0118912246613982,169.6153563100161,120.42690298011142,0.29000000000000004
2026-06-19,East,D,20.0,8.397633611871909,0.06336144299595489,923.7714836278628,1.16743681852164,157.31094856944745,113.26388297000216,0.28
2026-06-19,East,E,20.0,7.246622850437953,0.0948359693206331,868.7544391480095,0.0,131.1876469623124,95.76698228248806,0.27
2026-06-19,West,A,20.0,11.537044719467854,0.08842492711704103,850.1316588653488,2.6267648082610355,210.33764762005734,141.7172173177224,0.32623941115043376
2026-06-19,West,B,21.191364528354026,10.248954596970364,0.05432690937225165,799.2857410931861,3.4005402554341098,205.39010769392772,143.44511699216986,0.3015967584673955
2026-06-19,West,C,20.0,9.197489986049437,0.08413455173493616,957.9076855798352,1.0054231178383926,168.47326577973206,119.61601870360975,0.29000000000000004
2026-06-19,West,D,20.0,8.483542802831519,0.07154187985171312,930.0123451217482,0.8227020579329685,157.53228405828963,113.42324452196853,0.28
2026-06-19,West,E,20.0,7.5141860595407834,0.09171021634888667,837.5087453533394,1.5497406654445984,136.50116860669021,99.64585308288386,0.26999999999999996
2026-06-20,North,A,20.0,11.425128527302096,0.0695501013124183,916.4252331393332,1.9284829286558338,212.6101936144167,142.4488297216592,0.32999999999999996
2026-06-20,North,B,20.0,9.78711850119016,0.08637026679808632,921.1428808570226,0.6847135712054654,178.83604930115754,123.3968740177987,0.31000000000000005
2026-06-20,North,C,20.0,8.78226179064861,0.05882694118135723,924.6099548073721,3.174431682395295,165.31256385701687,118.53681021343203,0.28295340990562823
2026-06-20,North,D,20.0,8.266514886838435,0.07234338726639081,961.8388521863413,0.30942766388668974,153.36974398072994,110.42621566612554,0.2800000000000001
2026-06-20,North,E,20.0,7.873383647054067,0.07399056620344983,870.1588888390339,0.4566498163826853,145.81655066143108,106.44608198284469,0.27
2026-06-20,South,A,20.0,11.469807855831498,0.07744821213304762,767.9586550411634,2.3247427465479675,211.62983487775526,142.2043408910742,0.3280515435207122
2026-06-20,South,B,21.804263586417154,10.405149823749413,0.09878065345547994,970.9727783871929,1.4472786239958626,204.4656077059821,141.08126931712764,0.3100000000000001
2026-06-20,South,C,20.0,9.278261891301133,0.06843255856850082,821.3101637284948,0.0,172.86653382021558,122.73523901235305,0.2900000000000001
2026-06-20,South,D,20.0,8.2939251979456,0.085641102975437,751.1031719468897,0.0,151.67248591995536,109.20418986236785,0.28
2026-06-20,South,E,20.0,7.825950032350359,0.0642605474612929,971.3654942140927,1.4970003565294605,146.46100397733602,106.91653290345529,0.27
2026-06-20,East,A,24.002105264763095,11.53705577404587,0.09642731121968895,902.182491406524,0.7692875247987796,250.21159062945986,167.64176572173812,0.32999999999999996
2026-06-20,East,B,20.0,10.131809488082238,0.07415291732868873,902.4085247189869,1.5728682378284908,187.61012513444902,129.45098634276982,0.31
2026-06-20,East,C,20.0,9.300448977475112,0.06535422188350613,879.3303669095964,1.2817665554528261,173.85250742769952,123.43528027366665,0.2900000000000001
2026-06-20,East,D,20.0,7.970224014945667,0.09336364722394187,985.3974306343938,0.8230096523878359,144.5218966343698,104.05576557674625,0.27999999999999997
2026-06-20,East,E,20.0,7.587789103566497,0.10870679060102635,986.7194919271421,1.2226617912063316,135.25889804720686,98.738995574461,0.27
2026-06-20,West,A,21.087156251905554,11.603854707573372,0.08104937884117062,852.0127871002865,2.347851626300124,224.8601386361396,151.12560067570146,0.32791289024219916
2026-06-20,West,B,20.0,10.040355952405744,0.08149565564486137,949.7192413529824,1.2791812144496706,184.44221122313303,127.26512574396178,0.31000000000000005
2026-06-20,West,C,22.441320079361123,8.856040415691247,0.06899076812579101,1042.1261093531373,0.06376058168714605,185.0299269636956,131.37124814422387,0.29000000000000004
2026-06-20,West,D,20.0,8.619950580012894,0.05989687422453428,935.647358908916,1.4988300109931254,162.07284968600322,116.69245177392231,0.28
2026-06-20,West,E,20.0,7.868926406206598,0.11467746688464245,828.4538927816312,0.5529371729060482,139.33075717682306,101.71145273908083,0.27
2026-06-21,North,A,20.0,11.901549790004122,0.09563532975544527,902.5591765080612,1.3644721822063515,215.26682302472454,144.22877142656546,0.32999999999999996
2026-06-21,North,B,20.0,10.422506789435795,0.0743014726383717,942.615284007048,1.2399234605450007,192.96198372794575,133.14376877228256,0.31000000000000005
2026-06-21,North,C,20.0,9.041258501625538,0.08015862808293613,1015.2545152838683,2.2953554137930765,166.33047247984103,118.38939509384122,0.2882278675172416
2026-06-21,North,D,20.0,8.700828555906067,0.07700218906848313,945.7790362564581,0.792202136831283,160.61691420783464,115.64417822964094,0.27999999999999997
2026-06-21,North,E,20.0,7.244342837812562,0.07507895564861602,864.2679493080065,1.4171029765184464,134.00890286378126,97.82649909056032,0.27
2026-06-21,South,A,26.200003524265753,11.619959759225555,0.10059762376832972,905.6971485497554,1.7634252616521595,273.81674561426274,183.45721956155606,0.3299999999999999
2026-06-21,South,B,20.0,10.20298238329914,0.0801958088851316,862.2330771160723,0.13288611596576683,187.6949191605944,129.50949422081013,0.31000000000000005
2026-06-21,South,C,20.0,9.20336988601393,0.08692025167978559,932.820872177932,0.9186815180347951,168.06821318438878,119.32843136091603,0.29000000000000004
2026-06-21,South,D,20.0,7.782594993786261,0.07272946952072687,782.2735970360625,2.5789886401423785,144.33141976787041,104.42001974763402,0.27652606815914565
2026-06-21,South,E,20.0,7.9963153035463215,0.06859080570484279,808.7188619940455,1.5021490804276858,148.95683188412232,108.7384872754093,0.26999999999999996
2026-06-21,East,A,30.19553787753474,11.479166843250846,0.08069940264191028,946.3034876251837,2.8543004655056223,318.6476211644679,215.12723104675192,0.3248741972069662
2026-06-21,East,B,20.0,10.03818051897817,0.08742396956784948,751.7929681515632,0.87587894493706,183.21205861540884,126.41632044463209,0.31000000000000005
2026-06-21,East,C,20.0,8.729946834718797,0.1042442263034559,836.6377460279497,1.6767876377631528,156.39800562526466,111.0425839939379,0.2900000000000001
2026-06-21,East,D,20.0,8.02765060303152,0.06350807169829245,1056.2250301844674,2.516323202540699,150.35659985930707,108.722547505676,0.2769020607847559
2026-06-21,East,E,20.0,7.576989365344742,0.07352060936519125,1044.183612953782,0.5435041864236377,140.39848980102047,102.49089755474495,0.27
2026-06-21,West,A,20.094370966875708,12.028907457515626,0.10090279264415092,853.3833322968496,0.0,217.3237788845694,145.60693185266152,0.3299999999999999
2026-06-21,West,B,20.0,10.180038408973564,0.0790952862032937,824.5940487867668,4.496239095398143,187.49690714910557,132.18108859223383,0.2950225654276112
2026-06-21,West,C,20.0,9.25412693561695,0.07997641993296206,826.8633773985389,1.610180577781358,170.2802998740223,120.89901291055583,0.29
2026-06-21,West,D,20.0,8.627849749043593,0.08491400876406693,998.8825530445363,2.0702009039120917,157.90448879676504,113.75774216074268,0.27957879457652746
2026-06-21,West,E,20.0,7.617823653374359,0.06242362472175084,884.6258193657809,0.8999947252888806,142.8458297687928,104.27745573121875,0.27
2026-06-22,North,A,22.261729156707236,11.380416809625151,0.06596400201223473,784.4175568661128,0.3118013108796629,236.63592477314296,158.5460695980058,0.3299999999999999
2026-06-22,North,B,20.0,9.832583639482422,0.06499211473763912,806.4857883425997,1.1060981271556976,183.87086470835496,126.87089664876491,0.31000000000000005
2026-06-22,North,C,20.0,9.285055765901422,0.07175859470336902,937.6200839097354,1.0629726923899983,172.37546424795843,122.38657961605048,0.29000000000000004
2026-06-22,North,D,20.0,8.304316522100676,0.09794747717279435,942.1085001640744,2.384187738712787,149.81859338233122,108.2147380349306,0.27769487356772327
2026-06-22,North,E,20.0,7.105680318658159,0.10030753320189661,970.7546968804014,1.8920621165837421,127.85854108344586,93.33673499091547,0.27
2026-06-22,South,A,21.255808895581815,11.51223120617004,0.07587036181456919,878.1776463766813,1.8671443768862055,226.13617340318677,151.51123618013514,0.32999999999999996
2026-06-22,South,B,20.89938050032556,9.80338583886195,0.07187636207308584,856.1743675499325,3.5448232484766464,190.15832461598353,132.97180998957745,0.3007310605091403
2026-06-22,South,C,20.0,8.87935476666248,0.08503768509328737,887.0072345635065,0.7637351098578051,162.48549984366912,115.36470488900507,0.29000000000000004
2026-06-22,South,D,20.0,8.325309145296297,0.09182916678897832,973.8469266303506,2.3222293155603566,151.21605886446153,109.16791986531008,0.27806662410663785
2026-06-22,South,E,20.0,8.410314769244197,0.09581800544813124,838.6852910142785,1.8248776244068265,152.08910365728514,111.02504566981814,0.2700000000000001
2026-06-22,East,A,22.194704370629296,11.856581744225009,0.10564301923439404,954.9634614710734,2.978329100440229,235.35301470941386,159.06803607430663,0.3241300253973586
2026-06-22,East,B,20.0,10.321790454456417,0.06137896432920503,916.7411079204066,0.012528806619241495,193.76499292677616,133.69784511947555,0.31
2026-06-22,East,C,20.0,9.3258442746202,0.08745704360579142,831.0743190505336,2.0315859857427485,170.20467010467843,120.87757226802132,0.2898104840855436
2026-06-22,East,D,20.0,8.123220803591378,0.04994946305899707,847.2812924346329,2.2406427098430743,154.34940572284629,111.3544304759842,0.2785561437409416
2026-06-22,East,E,20.0,7.877086894470009,0.07071024013065204,853.7190289970451,2.090311094555299,146.40192377264046,106.95273466191298,0.2694581334326682
2026-06-22,West,A,20.0,11.530827351110615,0.07293689180426359,1038.2740182491868,1.0599109894128682,213.79609288378035,143.24338223213283,0.33
2026-06-22,West,B,20.0,10.295717783842868,0.06507789144282873,920.8901865322546,2.4082614092673245,192.5138835915988,133.30615561471495,0.30755043154439615
2026-06-22,West,C,20.0,8.863777595599435,0.06851618130067515,1023.9558405209294,2.427250507345886,165.12930805700964,117.66511820434702,0.28743649695592477
2026-06-22,West,D,20.0,8.275644819807141,0.08508407783693102,907.1695967503238,3.9274720443376094,151.4303842361575,110.78114364370437,0.26843516773397436
2026-06-22,West,E,20.0,7.414917658540322,0.0793687092254542,927.8129815784005,2.1195652061255426,136.52810429937895,99.76346020414155,0.26928260876324667
2026-06-23,North,A,20.0,11.297620635717351,0.09482426604653987,1005.8500490685344,2.691550812650145,204.52664101726418,137.88149287039155,0.3258506951240992
2026-06-23,North,B,27.512206250219197,10.233654859080648,0.0753320113365261,949.9148497296111,2.8509909387784687,260.34066350604246,180.9643430930046,0.3048940543673292
2026-06-23,North,C,20.0,8.841591083620273,0.08737895302034464,898.1499031681511,1.3227253385160003,161.38044223399038,114.58011398613317,0.29
2026-06-23,North,D,20.0,8.68975928624626,0.09994809872627647,917.737854205484,0.0,156.4246873439388,112.62577488763594,0.28
2026-06-23,North,E,20.0,7.218353535828078,0.07017656538035041,901.5188719741941,0.659514837671081,134.2358855396511,97.99219644394529,0.2700000000000001
2026-06-23,South,A,27.987944291915202,12.005647351166225,0.06778568670390077,939.115849649962,2.0265572504935743,313.23649092061214,209.91836111652879,0.32984065649703853
2026-06-23,South,B,20.0,10.299744908684808,0.08455613753676992,977.172656005764,3.18757012080642,188.57676523184819,131.46165680118128,0.3028745792751614
2026-06-23,South,C,20.0,9.298930270220136,0.09338560061767179,979.1997059351911,1.8149672871517888,168.61088163667563,119.71372596203969,0.29000000000000004
2026-06-23,South,D,20.0,8.550116930269063,0.08181860817015565,894.3721124265888,0.0,157.01116526684729,113.04803899213005,0.28
2026-06-23,South,E,20.0,7.30338800545186,0.10151027427109284,897.9118243338817,2.0042075185344577,131.24038171820465,95.80879183232068,0.2699747548887933
2026-06-23,East,A,20.47660107527099,11.574042396157186,0.0948715413997627,899.6620139406373,0.6730341564530592,214.5127736309894,143.7235583327629,0.3299999999999999
2026-06-23,East,B,24.31229063492711,9.715999717728966,0.07913645356391893,890.6319099571476,1.0707086294524615,217.5247376230657,150.09206895991534,0.31
2026-06-23,East,C,20.0,9.134406151301823,0.10885440830634077,920.4197706365875,1.1760775260714489,162.80171548944128,115.5892179975033,0.29000000000000004
2026-06-23,East,D,25.507477312567644,8.362496105406862,0.10722013023393454,1024.732735810545,1.5053230066271073,190.43546331956128,137.1135335900841,0.2800000000000001
2026-06-23,East,E,20.0,7.676777090645605,0.0790155397717012,905.3054084975047,0.8759585601207894,141.40384810242426,103.22480911476971,0.27
2026-06-23,West,A,26.708692818902545,11.496722142250832,0.07525065792407214,969.4733629508137,1.249217465822227,283.9557709837405,190.25036655910614,0.3299999999999999
2026-06-23,West,B,25.17313772447278,10.033212371557907,0.06997118213828765,1006.9272445330079,1.8793589196671123,234.8949947222117,162.07754635832606,0.31000000000000005
2026-06-23,West,C,22.660911940650358,8.787036946955022,0.07603886045012206,881.2741234659319,0.5693964453104877,183.9812399370906,130.62668035533432,0.2900000000000001
2026-06-23,West,D,22.83664032937839,8.144349837804246,0.055717020600797154,920.1117421803195,0.6714458465663976,175.62680225852267,126.45129762613632,0.28
2026-06-23,West,E,20.0,7.709362108715383,0.09763528104846525,983.1835576851256,0.0,139.13312745053136,101.56718303888789,0.27
2026-06-24,North,A,20.156095415222183,11.682873577451216,0.06014861859855193,916.538953941231,1.5049566970090702,221.31725080478972,148.28255803920914,0.3299999999999999
2026-06-24,North,B,24.392959772166638,9.803686344348058,0.08046128822802356,935.3847230945793,0.414764708857857,219.89933959300495,151.73054431917342,0.31
2026-06-24,North,C,20.43204231310245,9.421792560627022,0.07197455818537439,995.2631111233937,2.4272264856887906,178.65089655077486,127.30008291924138,0.2874366410858673
2026-06-24,North,D,20.0,8.653086230024613,0.09437766880670159,815.2458495732424,1.2412736136125626,156.7285624730304,112.84456498058188,0.28
2026-06-24,North,E,20.0,7.30012279311056,0.07732472848233647,950.08766361928,1.459875942196671,134.7128556049114,98.34038459158532,0.27
2026-06-24,South,A,20.0,11.328854077793036,0.08148373218144667,1060.1215000457203,2.506390477619749,208.11473532390917,140.06919658834144,0.3269616571342815
2026-06-24,South,B,20.0,10.278835504446644,0.06370197460648562,834.3018816883537,2.5188112432067427,192.48106772316282,133.41110478121763,0.3068871325407596
2026-06-24,South,C,20.0,8.952682285234001,0.07885701591920294,933.8590975525959,1.8231975968587075,164.93400951495477,117.10314675561789,0.29
2026-06-24,South,D,20.0,8.167527244389854,0.09091679225465284,981.3214353010289,1.447041336336972,148.49923733354888,106.91945088015518,0.2800000000000001
2026-06-24,South,E,20.0,7.199431318162251,0.07948960995975388,911.2659495631235,2.795952688284265,132.54302661498994,97.38939729902786,0.2652242838702944
2026-06-24,East,A,22.455548780825644,11.282413245585643,0.10636649700021233,849.2224019660232,0.47039740511522066,226.40453318127098,151.69103723145156,0.32999999999999996
2026-06-24,East,B,22.953511931868626,9.735994827528302,0.09911885998072009,962.9461750267777,2.1241931142173556,201.3246591048034,139.06403360061216,0.309254841314696
2026-06-24,East,C,20.660221461035835,9.059719120635908,0.06405276934766865,831.7334581773156,1.3599245587750395,175.18667484401792,124.38253913925271,0.29000000000000004
2026-06-24,East,D,20.0,8.701694957637025,0.10215212946797311,964.720274961663,1.8717676405528632,156.25596575467358,112.50429534336497,0.28
2026-06-24,East,E,20.0,7.480430715497951,0.08710507836225202,918.843005217936,1.1135271272830911,136.5769442368221,99.70116929288014,0.26999999999999996
2026-06-24,West,A,20.0,11.279593079380925,0.08953113951527436,831.0040681723324,2.3866900754060962,205.39436515430697,138.0907684286827,0.3276798595475634
2026-06-24,West,B,22.525702274746887,10.06681608174118,0.08024757764300465,956.5241063816064,2.9169444157906472,208.56499253226684,145.0572998786554,0.30449833350525607
2026-06-24,West,C,21.02169835985744,9.577197589614242,0.06944180988425304,849.4514410839987,0.5141250250074543,187.3483115761608,133.01730121907417,0.29
2026-06-24,West,D,20.0,7.911362346427026,0.07688857644954784,954.8631837178459,0.9554292681050881,146.06137915667395,105.16419299280524,0.28
2026-06-24,West,E,20.0,7.449825843057665,0.08884941268044357,846.2017947146012,2.2232630598237697,135.75826384660803,99.2853914403204,0.2686604216410574
2026-06-25,North,A,20.0,10.943659203225504,0.06364010038446073,905.1916323624215,0.7575304395764216,204.94407265917812,137.31252868164935,0.3299999999999999
2026-06-25,North,B,20.0,10.071637003237722,0.061620039776261015,929.8000216209435,1.6711138985312706,189.02044660972305,130.4241081607089,0.31000000000000005
2026-06-25,North,C,20.0,9.103090282976314,0.05688390505247909,871.488532937706,0.8800463361071491,171.70541919270687,121.91084762682188,0.29
2026-06-25,North,D,20.0,8.51874530449746,0.10138312058556528,830.8737554105913,2.3120962126845996,153.1017664410775,110.51996672634529,0.27812742272389246
2026-06-25,North,E,20.0,7.760075591916434,0.06790898790572653,888.7736354838315,2.348865922635439,144.66193424794915,105.90601771597271,0.26790680446418735
2026-06-25,South,A,20.0,11.613800681159285,0.08325442735421787,897.3782840511691,1.2723223708141722,212.93800712086687,142.66846477098082,0.3299999999999999
2026-06-25,South,B,20.0,10.352532625949276,0.0793482404823661,924.9999347100211,1.666448843948228,190.62154755087826,131.528867810106,0.31000000000000005
2026-06-25,South,C,20.0,8.876429244529486,0.04685083310575686,815.1452983377263,2.064742258490407,169.21122278837953,120.20569888010091,0.2896115464490576
2026-06-25,South,D,20.0,8.592747056234888,0.0890352925833878,895.4386867301516,0.29598308616394076,156.5537861597594,112.71872603502676,0.28
2026-06-25,South,E,20.0,8.02857866999608,0.09480984641040427,829.6425527808236,1.8374931388188396,145.3478071879981,106.1038992472386,0.27
2026-06-25,East,A,26.61752503906678,11.46049469281329,0.08840792412909267,887.894682101205,0.8671565451478833,278.0811667974039,186.31438175426064,0.32999999999999996
2026-06-25,East,B,20.555951296477712,10.261569522873463,0.08740584071690373,805.9700883522858,0.9208050154751006,192.49925665855076,132.8244870944,0.31000000000000005
2026-06-25,East,C,25.66633808491727,9.72231354225584,0.08671131066803568,845.8763418209986,0.17600790526988952,227.8985765661939,161.80798936199767,0.29
2026-06-25,East,D,20.0,8.835278902920322,0.06180664048187216,913.7152445110778,1.3756671791510988,165.78399992420913,119.36447994543056,0.2800000000000001
2026-06-25,East,E,20.0,7.5140997263999045,0.05654277963017113,978.7357175619867,2.1211975594529022,141.7846328290189,103.60588567398462,0.26927281464328257
2026-06-25,West,A,21.545514375973145,11.601310022826608,0.07288263155859394,971.8497976383053,0.6542272052741057,231.73872683857635,155.26494698184618,0.3299999999999999
2026-06-25,West,B,20.75902639738569,10.32259214985047,0.1025317272199192,861.3581612288405,0.4451576656814269,192.31575049845387,132.69786784393315,0.31000000000000005
2026-06-25,West,C,20.0,8.95892169055969,0.09174704802908676,830.5227034751967,1.312600779096016,162.73934143854166,115.54493242136458,0.29
2026-06-25,West,D,20.0,8.542584692701697,0.09402023094344496,932.2802473951886,1.8931409031474242,154.78817814079892,111.44748826137521,0.2800000000000001
2026-06-25,West,E,20.0,7.552944369677017,0.06925671327333104,876.6812663881451,1.788838351659376,140.59704534193753,102.63584309961439,0.27
2026-06-26,North,A,29.130208553953672,11.835545573693304,0.08949258698527413,893.8428664313176,1.8784669392929856,313.9173806841818,210.3246450584018,0.33
2026-06-26,North,B,20.0,10.145956944169509,0.08152100050107886,932.8675456911078,1.7294564744446623,186.37696766079884,128.6001076859512,0.31
2026-06-26,North,C,20.363676095482592,8.926961482076782,0.06975386589186483,953.9687112435204,2.9508566797431586,169.1054931621847,121.02967067167828,0.2842948599215411
2026-06-26,North,D,20.0,8.47319720776194,0.07845929079987653,933.087816456703,1.531574122281383,156.16792328066887,112.44090476208159,0.28
2026-06-26,North,E,24.492732560069783,7.647439140290663,0.08993897225637876,866.0570005054816,0.0,170.46051118976496,124.43617316852841,0.27
2026-06-26,South,A,25.170682829191733,11.600578847839154,0.014163281227027452,1034.2715076240138,2.1740232023161967,287.8588907238486,193.1660215408523,0.3289558607861027
2026-06-26,South,B,20.0,10.579846918911377,0.03842066554061108,899.3945961791432,2.437998945053413,203.46724317938038,140.92710842096542,0.30737200632967954
2026-06-26,South,C,20.0,9.211534456809947,0.09726259623728088,940.9379345941729,1.8638870038215731,166.3119340042288,118.08147314300244,0.29
2026-06-26,South,D,20.0,8.034652561194745,0.09037796033505596,979.0706597959221,3.2497539194462957,146.16994101426263,106.33841627039594,0.2725014764833223
2026-06-26,South,E,20.0,7.221276398197266,0.0673104838730399,903.0932943689228,0.0,134.70417579307292,98.33404832894323,0.2700000000000001
2026-06-26,East,A,24.302662113791094,11.142436679189409,0.09165692688913292,861.6288612609408,2.101103944020014,245.97101442214458,164.94979150087298,0.32939337633587984
2026-06-26,East,B,20.0,9.712549706086742,0.0750160676556939,911.8123316659733,1.5073849741303258,179.67904840451297,123.97854339911395,0.31
2026-06-26,East,C,20.0,9.161060435807643,0.07603484454101495,970.1422395317173,1.7861949425543167,169.29001259480333,120.19590894231035,0.29000000000000004
2026-06-26,East,D,20.0,8.57939872270792,0.07720743406003823,936.6015766842323,0.8532410835204287,158.34010723099342,114.00487720631526,0.2800000000000001
2026-06-26,East,E,20.0,7.696536725248047,0.08042383057265068,877.0300017497337,1.1960653234798568,141.5510351932103,103.33225569104353,0.26999999999999996
2026-06-26,West,A,20.0,11.088549706977746,0.08574342642742538,959.4769176713945,1.7315468252783206,202.755589219813,135.84624477727473,0.3299999999999999
2026-06-26,West,B,20.0,10.673845906369166,0.07430396078225551,830.4420556110134,0.6248903578053041,197.61473757492945,136.3541689267013,0.31000000000000005
2026-06-26,West,C,20.0,9.483156973098282,0.10056601086152993,837.2737834556954,2.100745162884758,170.58947411880175,121.22164301048838,0.2893955290226915
2026-06-26,West,D,23.257357284662966,8.412070209619586,0.07596461253160022,946.1237409136611,2.937259080436076,180.78061396234213,131.1786716849044,0.27437644551738366
2026-06-26,West,E,23.17781758823071,7.662180565079755,0.07404453800631913,770.7102675966561,0.8881951165402042,164.44285970767154,120.04328758660023,0.27
2026-06-27,North,A,20.0,11.786148334706844,0.08898251258984104,830.3545889328569,1.5203080065604058,214.74774484256116,143.88098904451599,0.32999999999999996
2026-06-27,North,B,20.0,10.453203426298842,0.08646078884704977,844.2129642703155,1.6667351696333592,190.9882242416472,131.78187472673656,0.31000000000000005
2026-06-27,North,C,20.0,8.317023795313954,0.08574268563297718,794.4138628867707,4.070321980944598,152.0779967726072,109.8644802257692,0.27757806811433255
2026-06-27,North,D,20.0,8.498022252468818,0.07306125778915135,933.0715710048711,2.5363742425589795,157.54292115966496,113.93791502500403,0.27678175454464615
2026-06-27,North,E,20.0,7.7993181402923195,0.08025126063607614,910.5942853559719,4.6798644888235135,143.4682605486409,107.03868318081335,0.2539208130670589
2026-06-27,South,A,20.0,11.072382987606682,0.07184824509044864,806.518020474809,2.6473776817998096,205.53703401955605,138.5081733247481,0.32611573390920107
2026-06-27,South,B,20.0,10.208078867796893,0.10056116761212466,876.471277816156,1.5423812286961256,183.63085075549162,126.70528702128921,0.31000000000000005
2026-06-27,South,C,20.0,9.213063530675548,0.08991912663324568,979.4172714088053,0.0,167.69265808761193,119.06178724220446,0.2900000000000001
2026-06-27,South,D,20.0,8.783078985636836,0.08875287637750012,936.4504629091217,2.1536827088113184,160.07110924421582,115.39879962586188,0.27907790374713215
2026-06-27,South,E,20.0,7.14531055771902,0.05748410849567728,890.9125879829213,0.7639920998102283,134.69137500767582,98.32470375560334,0.2700000000000001
2026-06-27,East,A,23.846786839850964,11.581170413307213,0.09675658717184046,838.9330424194345,2.648495298580351,249.45207731043593,168.1035027941336,0.3261090282085179
2026-06-27,East,B,20.0,9.98804211306954,0.0771762944246965,661.3901546469816,1.8217913690484948,184.34404068450033,127.19738807230522,0.31000000000000005
2026-06-27,East,C,28.746583796910855,9.241602169349369,0.07106445086879891,875.6798180659664,3.4273697552302282,246.78518999794633,177.33100719599275,0.28143578146861875
2026-06-27,East,D,20.0,8.378221047400594,0.1047798775616501,910.4638870517656,1.3950152936941196,150.0070414373904,108.00506983492109,0.27999999999999997
2026-06-27,East,E,20.0,7.746284864365268,0.07918477902298893,1077.6938260599566,2.6103909723574628,142.6579401826276,104.66275904625368,0.2663376541658552
2026-06-27,West,A,22.47898306807986,11.529190021968141,0.08255940625428622,858.0561585476954,2.8104295008315177,237.76800275062013,160.46072706561287,0.32513742299501075
2026-06-27,West,B,20.0,9.815639262718339,0.062241982060400394,896.0844104157704,0.9821999973020296,184.0938883963372,127.02478299347267,0.31
2026-06-27,West,C,24.763078209104123,9.233998201231305,0.0663188223471531,996.2324078261458,0.7720195146358847,213.49761051801883,151.58330346779337,0.29
2026-06-27,West,D,20.0,8.50703747755605,0.07336210301691752,830.4671011292719,2.6249328357046426,157.65886635517612,114.10554099027871,0.2762504029857722
2026-06-27,West,E,20.0,8.168164747723333,0.08308033523377187,928.7258091870076,0.7243905207383957,149.791017644756,109.34744288067189,0.26999999999999996
2026-06-28,North,A,20.0,11.151471039061647,0.0905155404030816,878.2365329549199,2.6178344005497225,202.84179223343335,136.6559366190662,0.3262929935967016
2026-06-28,North,B,20.0,9.959608652219542,0.0777509659929865,829.2277119307721,0.9376316170768091,183.70478917194734,126.75630452864365,0.31000000000000005
2026-06-28,North,C,25.023018521815935,9.216623204187377,0.08858592662044029,953.9725351731864,2.383399568932427,210.19736170178248,149.72366427546874,0.2876996025864055
2026-06-28,North,D,20.0,8.568138155742867,0.0759645427360901,923.9183620170714,1.93846362477666,158.34526917284427,114.00859380444787,0.28
2026-06-28,North,E,20.0,7.26767531926955,0.08219355585448261,767.673942660387,1.295730512192701,133.40638483965847,97.38666093295068,0.2700000000000001
2026-06-28,South,A,21.329634395998706,11.741335528060693,0.11792534712813427,862.2901672415653,1.1088024966793388,220.90535957178693,148.00659091309726,0.32999999999999996
2026-06-28,South,B,20.0,10.252160476621752,0.08303477270837532,887.7549082597312,0.6887036652132509,188.01749323351353,129.73207033112433,0.31000000000000005
2026-06-28,South,C,20.0,9.331594186958311,0.0684398111049175,800.1314605091554,1.4653436485870208,173.85883286990278,123.43977133763097,0.29000000000000004
2026-06-28,South,D,20.0,8.430102211620618,0.07983063729558755,1000.7352558440355,1.9797325155225118,155.14243559200003,111.70255362624002,0.28
2026-06-28,South,E,20.0,7.840541135786561,0.10169156164914707,897.4304963066703,2.0697078815226977,140.86448527028097,102.88999043640496,0.2695817527108639
2026-06-28,East,A,27.104941700492155,11.768252321490413,0.08972848756949053,841.0977892833747,0.04537240296389711,290.3563981483986,194.5387867594271,0.32999999999999996
2026-06-28,East,B,20.0,10.394905255183975,0.07967980371394161,992.0665640120997,2.6368686334505633,191.3328248965179,132.75077242695383,0.30617878819929667
2026-06-28,East,C,22.803000662789366,9.401385141120072,0.06444509143011923,857.4729671331208,1.9826354994557758,200.56406633340302,142.40048709671615,0.29
2026-06-28,East,D,20.0,8.428132216986041,0.09987105448440878,1041.2466560124124,1.9607420101184636,151.72811530283255,109.24424301803943,0.2800000000000001
2026-06-28,East,E,20.0,8.211950688398227,0.08266281838275577,810.4426938454952,1.5224802961537363,150.66255400150035,109.98366442109526,0.27
2026-06-28,West,A,26.590928177661418,11.37446871776488,0.07029428540886909,981.075586815717,2.781230563762572,281.19663419958243,189.7198213441035,0.3253126166174245
2026-06-28,West,B,23.692926387079886,10.109452216486254,0.07923536202042122,954.7762726470679,1.4401456023041486,220.5438546105505,152.17525968127984,0.31000000000000005
2026-06-28,West,C,23.79686294338359,9.192036638799602,0.10962336628036037,883.5640424119907,2.3971944180330613,194.76244157305717,138.74548484468244,0.28761683349180167
2026-06-28,West,D,20.0,8.926485069677193,0.10997433475012001,901.7972117560599,2.686891344599081,158.8960162496513,115.05999748926789,0.27587865193240557
2026-06-28,West,E,20.0,7.744017375890348,0.10510961742906569,931.8172310308167,1.9337691222144515,138.60093344292954,101.17868141333857,0.27
2026-06-29,North,A,21.25698927158546,11.418027234342198,0.07756798240034124,1020.2669997367875,1.63542598524553,223.88613383095293,150.00370966673847,0.32999999999999996
2026-06-29,North,B,20.0,10.213153018977845,0.06701933509390237,995.6675425102798,2.2166310664731554,190.5734858886734,131.74341008812206,0.30870021360116107
2026-06-29,North,C,24.12248922978378,9.150841131173927,0.08861531424918853,936.9613075786166,1.346449677829962,201.18002764306874,142.8378196265788,0.29
2026-06-29,North,D,20.0,8.514566096812873,0.08206630538415695,879.4093295608105,1.9519222833936487,156.31614230596475,112.54762246029462,0.27999999999999997
2026-06-29,North,E,20.0,8.026840503417889,0.12065820153269574,811.8370156936759,0.2956330514659562,141.16672728571373,103.05171091857102,0.2700000000000001
2026-06-29,South,A,20.0,11.474177896240361,0.09343670766555885,912.0421795746328,2.091252942048272,208.04136980893466,139.50162409436314,0.32945248234771035
2026-06-29,South,B,20.0,10.026978460842907,0.07633815842371072,789.1048562789704,1.4799054516242032,185.2307478117589,127.80921599011363,0.31000000000000005
2026-06-29,South,C,20.0,8.819608484680584,0.09146162335525662,942.774284005176,1.7453549485724165,160.25905550627806,113.78392940945741,0.29000000000000004
2026-06-29,South,D,20.0,8.1291083284871,0.08994823160384743,985.7240550319864,0.0,147.95818819647153,106.52989550145949,0.28
2026-06-29,South,E,20.0,7.810836222981244,0.06667123062864556,1124.5712639741546,2.5489037151715825,145.80156319512565,106.91532725073549,0.2667065777089706
2026-06-29,East,A,20.0,11.673844286965162,0.052877559296093904,885.5259485513674,1.9267689222175042,221.13119786935587,148.15790257246843,0.33
2026-06-29,East,B,20.088911612309218,9.97207843091794,0.0917081166424475,986.9146084029118,0.05164216202961902,181.9564800565385,125.54997123901157,0.31
2026-06-29,East,C,20.0,8.749327330649228,0.10392405235011047,1033.5345179309418,1.4326573471908468,156.80123558221172,111.32887726337032,0.29000000000000004
2026-06-29,East,D,21.226780646566713,8.300463573803391,0.07872515298594877,1006.8412239990507,1.6210379396635743,162.32136797976898,116.87138494543366,0.28
2026-06-29,East,E,20.0,7.644073155274114,0.07700180619352538,991.3214459974827,1.449442964145361,141.10931431285132,103.00979944838147,0.26999999999999996
2026-06-29,West,A,21.648526753987376,11.401250682175457,0.0715323925157947,801.8532802770064,0.946234846163838,229.16463524198775,153.54030561213182,0.3299999999999999
2026-06-29,West,B,20.0,10.57460506891258,0.07690101109148756,726.4870437469416,2.2044116685560984,195.22814494440067,134.94686147677962,0.30877352998866353
2026-06-29,West,C,20.0,9.059661823907721,0.07277839965664237,865.2922322331581,1.6809599574211318,168.00628269866678,119.2844607160534,0.2900000000000001
2026-06-29,West,D,20.0,8.730561985292985,0.0836452634202229,832.3670239549294,1.1860575452521482,160.00583656453136,115.20420232646258,0.28
2026-06-29,West,E,20.0,7.655973176767014,0.10420161440338038,803.2066875735022,1.7031664767410382,137.1641682383783,100.12984281401616,0.26999999999999996
2026-06-30,North,A,22.700229774806015,11.486664259438317,0.09296065439111345,690.9924226123053,2.1067331774117264,236.51043502231093,158.6134525262741,0.3293596009355296
2026-06-30,North,B,21.218764856097142,9.949130147623979,0.05867406887826952,928.7679776321008,1.3115265896264363,198.72167294050462,137.11795432894817,0.31000000000000005
2026-06-30,North,C,20.0,9.276144104264388,0.091450082712974,839.2663458841066,1.5469761962994977,168.55679917343886,119.67532741314159,0.29000000000000004
2026-06-30,North,D,20.0,8.756483032895057,0.05733165970256143,888.4360588608695,2.5644704608191784,165.08918654923727,119.4233421306971,0.276613177235085
2026-06-30,North,E,20.0,7.172978073646668,0.0777992505480712,806.4512938503614,2.113585516011376,132.2985151063842,96.66807919829584,0.2693184869039318
2026-06-30,South,A,22.34185378470411,11.522253063419756,0.0703436657925154,745.8420261715011,2.3546730864913044,239.32002932121722,160.8537018859668,0.3278719614810522
2026-06-30,South,B,20.0,10.604858789518323,0.10159914708650992,878.8823456708408,1.8898067205385225,190.54828363060767,131.4783157051193,0.31000000000000005
2026-06-30,South,C,20.0,9.024268551523589,0.0881571087187686,953.0196672635267,0.6927561945405838,164.57430255439118,116.84775481361773,0.2900000000000001
2026-06-30,South,D,23.89825222231321,8.48452919121815,0.05983407795075042,954.3595886198103,0.15525525368358717,190.6331367371228,137.25585845072843,0.27999999999999997
2026-06-30,South,E,20.0,7.819207724016013,0.07199548626260976,888.9190578585192,2.3306235475398314,145.12520123474252,106.22928775458001,0.26801625871476104
2026-06-30,East,A,20.0,11.399750380299404,0.062044184668651456,893.2532730509059,3.4893595585816115,213.84924325055155,145.18998346505347,0.3210638426485103
2026-06-30,East,B,23.194528584082228,10.0657827167823,0.06422108267030266,977.0834773365439,1.2661194890820648,218.47731909815334,150.7493501777258,0.31000000000000005
2026-06-30,East,C,20.0,8.882367006817645,0.08233196366553715,1014.9993718197228,1.999022600717744,163.02128578296737,115.74511290590682,0.29000000000000004
2026-06-30,East,D,20.0,8.660998169632808,0.09078912855380483,832.5667550671319,0.3469846180673697,157.49347386811493,113.39530118504275,0.27999999999999997
2026-06-30,East,E,20.0,7.266963561077088,0.09193189812305605,905.5647244164014,1.7900500916637554,131.97795614632378,96.34390798681636,0.26999999999999996
2026-06-30,West,A,20.0,12.013869214654655,0.06658591993769666,798.5530963544079,3.5518127559389576,224.27829361971402,152.35468422672417,0.32068912346436623
2026-06-30,West,B,20.0,9.649287654372593,0.08543187463914047,824.8899892131152,0.39874317918876767,176.49861842254455,121.78404671155573,0.31000000000000005
2026-06-30,West,C,20.0,9.294338765684465,0.09067195477351321,852.0005365248919,3.3120338910787854,169.03205802945226,121.34341593379173,0.2821277966535273
2026-06-30,West,D,20.0,8.177666200649512,0.07497441465897023,932.5114970246794,0.9811546867188224,151.29100927958737,108.9295266813029,0.28
2026-06-30,West,E,20.0,7.847766672707874,0.06735781591673584,896.9140404024542,2.4984679046229994,146.38316499620245,107.29751430439424,0.2670091925722619
2026-07-01,North,A,20.093587535968563,11.32287212829527,0.07160096308457672,921.5187536545817,3.2423138461962333,211.22667719582515,143.09633267580125,0.3225461169228225
2026-07-01,North,B,20.0,10.134438285365762,0.11668967917157043,849.5256519640845,2.805010488846425,179.037078665247,124.4003446363281,0.3051699370669215
2026-07-01,North,C,20.0,9.046438864157272,0.082188079674239,930.7171566353188,0.7987740073685647,166.05858852043565,117.9015978495093,0.29000000000000004
2026-07-01,North,D,21.738155337165665,8.17159297274896,0.06307779894361899,869.4243107924519,1.016841444702693,166.43051003475,119.82996722502,0.28
2026-07-01,North,E,22.40179909684602,7.850427305003709,0.09416483528177397,879.958061524923,1.2356343064865996,159.30351941007478,116.29156916935459,0.27
2026-07-01,South,A,20.0,11.695435057011954,0.08736581907213178,885.2419200650683,2.7859973646782836,213.4730758770236,144.03369648802047,0.3252840158119303
2026-07-01,South,B,20.0,10.242511382140158,0.09337846363260643,951.5239293616862,0.029784377902521086,185.72162811072852,128.14792339640266,0.3100000000000001
2026-07-01,South,C,20.0,8.835340683011575,0.048730913710189006,1001.3399088291849,1.3635262881216466,168.0957291717523,119.34796771194414,0.29000000000000004
2026-07-01,South,D,21.69292083651854,8.588844052667524,0.10943008495763372,966.7312486149947,1.457058917043255,165.92841648541304,119.46845986949738,0.28
2026-07-01,South,E,20.0,7.471350290178963,0.06983736324679046,990.0964581962838,0.0,138.99141772039442,101.46373493588793,0.27
2026-07-01,East,A,20.245735580999845,11.299640305061201,0.06230042477580987,1023.444461739182,1.295640563463717,214.5170908958282,143.7264509002049,0.33
2026-07-01,East,B,30.5722352055621,9.784783281049478,0.07468328006035577,969.1836418848063,0.46564222990630144,276.8017381675107,190.99319933558235,0.31000000000000005
2026-07-01,East,C,20.0,8.94085766815504,0.08108859620886529,1012.9972266062427,1.0225813785922915,164.31712141882159,116.66515620736332,0.29000000000000004
2026-07-01,East,D,20.0,8.66745585522911,0.039996237829506544,1045.8247671341323,1.4332113211711892,166.4158045893323,119.81937930431926,0.28
2026-07-01,East,E,20.0328726511491,7.1382276035199235,0.0752986125097461,1019.7771092254009,0.2984805340812786,132.2315628446562,96.52904087659903,0.26999999999999996
2026-07-01,West,A,23.58946058729679,11.30805111006714,0.08051236915311184,824.0527087580397,0.0,245.2740850068619,164.33363695459747,0.33
2026-07-01,West,B,20.0,10.41141884211333,0.05088028819103989,970.6780016963176,1.1188446922975706,197.63365701897962,136.36722334309593,0.31000000000000005
2026-07-01,West,C,20.0,9.157295708696044,0.08098961754659005,883.8904664821854,3.2143803203566024,168.3129966297544,120.72860355173015,0.2827137180778604
2026-07-01,West,D,20.0,8.713739938291171,0.06010476997925983,868.0992492411642,1.2791167934491414,163.8000520728218,117.9360374924317,0.2800000000000001
2026-07-01,West,E,20.0,7.812101612240709,0.0883124222762326,909.5689442329049,0.7513176914713238,142.4439199159134,103.98406153861677,0.2700000000000001
2026-07-02,North,A,28.771112618754024,11.292158575300673,0.0821775017059552,895.5896488914257,1.3068393230613715,298.1894846921194,199.78695474372,0.32999999999999996
2026-07-02,North,B,20.0,10.55269071357805,0.06838472148667725,856.5036374366742,2.5260719701535326,196.6209579638994,136.28908164346782,0.30684356817907893
2026-07-02,North,C,20.0,9.403280812616366,0.09490826905216887,953.2805384864424,1.708665898963983,170.2166341455895,120.85381024336854,0.29
2026-07-02,North,D,20.0,8.497908093070278,0.07007563411304271,851.4610668182853,2.4040649493002597,158.0482358962804,114.17790035986845,0.2775756103041985
2026-07-02,North,E,20.0,7.5210414579200435,0.08030762846024501,901.6705094832707,2.2587280206543343,138.34088909766604,101.203605027767,0.26844763187607407
2026-07-02,South,A,20.0,11.492494138047881,0.09340727530336376,891.1634094908715,0.8371477778632945,208.38023148345897,139.61475509391752,0.32999999999999996
2026-07-02,South,B,20.0,10.416146298881914,0.07850231939192845,889.0422995599433,3.308299094493722,191.96909310588066,133.96559218714486,0.3021502054330378
2026-07-02,South,C,20.0,9.057241969595566,0.06025037857012985,862.8533177182635,0.463273153241315,170.2307942425233,120.86386391219153,0.2900000000000001
2026-07-02,South,D,20.0,8.491718485159497,0.07273033715576441,1008.5823993024583,2.726534745606595,157.4822587340402,114.07372428523026,0.27564079152636045
2026-07-02,South,E,20.0,7.38672750069121,0.07257127069709517,916.8797784400016,3.313736070314719,137.01326599345742,101.0996797931073,0.2621175835781117
2026-07-02,East,A,21.68628158763112,11.679586990332709,0.09510948601037168,915.3607971033952,0.9285504290717356,229.19683376856887,153.56187862494116,0.3299999999999999
2026-07-02,East,B,24.36801484218088,9.909928213510035,0.0801851818613921,831.1493652151232,0.38561034694928464,222.12173687517856,153.2639984438732,0.31000000000000005
2026-07-02,East,C,20.0,9.219279884469866,0.07516966057042798,903.6088194327472,0.8515818750315939,170.52539489700985,121.07303037687699,0.29000000000000004
2026-07-02,East,D,20.0,8.607200804458477,0.09697080142937466,885.8145704689854,1.4207959590119885,155.4510728877316,111.92477247916676,0.27999999999999997
2026-07-02,East,E,20.0,7.092882645292113,0.08805226184896801,891.4126645219695,4.601885803744864,129.366765706897,96.45732427304979,0.2543886851775309
2026-07-02,West,A,21.362846516117294,11.685901750024922,0.10467999002296943,749.1075184991514,2.474967844434135,223.51138092281025,150.3895895311033,0.32715019293339515
2026-07-02,West,B,21.638541346627118,10.842982536310418,0.08933661570139198,919.728073709303,0.34539808672825045,213.6656040194288,147.42926677340586,0.31000000000000005
2026-07-02,West,C,20.0,9.408200922317215,0.06566176117958111,839.9553998605707,1.574243634692023,175.80883760453014,124.82427469921639,0.29000000000000004
2026-07-02,West,D,20.0,8.871537661465124,0.08155185747340546,819.8340420379294,0.9407975262742799,162.96094573054745,117.33188092599416,0.28
2026-07-02,West,E,20.0,7.287179841619328,0.08167938862166567,860.775395530446,2.4802337687226634,133.83934894759471,98.08836978143508,0.2671185973876641
2026-07-03,North,A,28.533813455343665,11.320624894442943,0.07642982415680181,969.3533214197499,0.42042327966274806,298.33219136025474,199.88256821137068,0.32999999999999996
2026-07-03,North,B,28.214206314578774,9.759545759765949,0.07480756897047952,798.713813500208,2.7647798470500353,254.75898717458966,176.95270838594288,0.30541132091769985
2026-07-03,North,C,20.0,9.405368050051893,0.08117343221535256,1023.2631670289325,2.0502630709401326,172.83804088361126,122.76713325162451,0.2896984215743592
2026-07-03,North,D,23.529529738338127,8.484508196741379,0.0720143322605115,968.3874905300099,0.5800198889263035,185.25979955725845,133.3870556812261,0.27999999999999997
2026-07-03,North,E,20.0,7.536856490502199,0.081540346564317,919.5874185513387,0.9969974872812455,138.4459720052226,101.06555956381249,0.27
2026-07-03,South,A,31.849174407072496,11.469600352413364,0.07346891558858916,916.7708550901865,2.5153318243818528,338.45930535780377,227.81424769758283,0.3269080090537089
2026-07-03,South,B,23.505199840864343,10.241171904954928,0.0762736518804345,786.6185714331782,0.0,222.3601383236309,153.4284954433053,0.31000000000000005
2026-07-03,South,C,20.0,9.19483479157106,0.05956625780198811,902.1172595399167,2.755577365919383,172.94265783859296,123.57331641258968,0.2854665358044838
2026-07-03,South,D,20.0,8.289036231198915,0.0893338812240531,831.0235397151083,0.6955021804575886,150.97088906118236,108.6990401240513,0.28
2026-07-03,South,E,20.0,7.688655290193755,0.07647605857627592,900.6252311177489,2.141432984733717,142.01314475696208,103.79010773018871,0.2691514020915977
2026-07-03,East,A,24.250648840146898,11.295788024406136,0.11105597913365933,1008.9211428864984,0.920380032323775,243.50860342642065,163.15076429570183,0.33
2026-07-03,East,B,20.0,10.40177427891374,0.09101335248539205,841.1563404985098,2.6468517551500454,189.10147859986958,131.21394397391276,0.3061188894690998
2026-07-03,East,C,22.39576412097601,9.561609962727859,0.07611960531137214,863.3587350263892,1.5347060671421224,197.83934245112187,140.46593314029653,0.29
2026-07-03,East,D,20.0,8.927855699733122,0.06493648210804694,1012.7630655490063,0.557881178149228,166.96224315648354,120.21281507266815,0.27999999999999997
2026-07-03,East,E,20.0,8.13009256226063,0.0732434204326122,853.7526139359737,1.6262811372375694,150.6923354913384,110.00540490867704,0.27
2026-07-03,West,A,22.018034158539535,11.056475825678923,0.09027431834982512,895.9711736273857,1.823474083492338,221.46531421663457,148.38176052514518,0.3299999999999999
2026-07-03,West,B,20.0,9.976311503157975,0.09091569368049142,935.832713843447,0.3289100142965935,181.386164449514,125.15645347016466,0.31000000000000005
2026-07-03,West,C,26.60199283332428,9.471380372161073,0.057423080859940204,929.5015518388736,0.9632619396566972,237.48941155832526,168.61748220641093,0.29000000000000004
2026-07-03,West,D,20.0,8.150148570429394,0.08577973927210236,1034.0027786022647,1.4899831048837007,149.02061902058125,107.29484569481849,0.2800000000000001
2026-07-03,West,E,20.0,7.892000846331648,0.06099367395305037,950.5163371866643,0.4719907021034917,148.21277439746595,108.19532531015014,0.27
2026-07-04,North,A,25.702081887583233,11.260651818481401,0.08036116109725867,887.3146121586165,0.11842082647092211,266.16389149690826,178.32980730292854,0.32999999999999996
2026-07-04,North,B,21.57040934344608,10.091260375215963,0.07626447941084295,854.6149110462552,0.3702046017039482,201.07192826074478,138.7396304999139,0.31000000000000005
2026-07-04,North,C,24.24459495024987,9.118231222929284,0.06496538350024103,788.1800665183407,1.1852280500820083,206.70606678380017,146.7613074164981,0.29000000000000004
2026-07-04,North,D,20.0,8.840084934761613,0.07786276363420093,893.3256513052761,3.390730176101206,163.03542981960018,118.74593922225462,0.2716556189433928
2026-07-04,North,E,20.0,7.760223539635531,0.03991118626670898,896.5709458357334,1.7049393236535748,149.01007624947675,108.77735566211803,0.27
2026-07-04,South,A,26.090948213358388,11.741169848540904,0.062994624716798,881.6379832093303,2.7421386186275805,287.040591105,193.59533948698623,0.32554716828823455
2026-07-04,South,B,20.0,10.2492758127178,0.07695845966504272,923.8435419943847,3.0384653140285236,189.21014666977715,131.7339302484191,0.30376920811582886
2026-07-04,South,C,20.0,9.32516177071386,0.09639307427139068,999.3624430970467,2.2836050942972994,168.52561519113414,119.93995512363198,0.2882983694342163
2026-07-04,South,D,20.0,8.541912866181676,0.09858758093132045,902.3272561441263,1.4091038599178614,153.99572680357403,110.8769232985733,0.27999999999999997
2026-07-04,South,E,20.0,8.005481031988808,0.07987736289615016,1002.4221450145949,1.0464484226943833,147.3204863687678,107.54395504920049,0.27
2026-07-04,East,A,25.90819401288614,11.57889531354934,0.07517190934715083,898.4804078078608,1.831696578714594,277.4375754834574,185.88317557391647,0.32999999999999996
2026-07-04,East,B,20.0,10.232260582146807,0.08398136068459411,963.2677982026662,1.124604933079769,187.45882831157564,129.3465915349872,0.31
2026-07-04,East,C,23.134525560267377,9.342474423413853,0.07585627422179009,905.4572978222028,2.255821504188372,199.73861511656935,142.12100133054597,0.28846507097486984
2026-07-04,East,D,20.0,8.668182344624437,0.08219197461435422,1002.0089604294992,4.093548002069308,159.11454642804947,116.56115707284326,0.2674387119875841
2026-07-04,East,E,20.0,7.662292625322045,0.08245583382587027,778.2708940960063,0.49631059636689234,140.60983795766597,102.64518170909616,0.26999999999999996
2026-07-04,West,A,20.0,11.488070745457392,0.04841691082686524,882.6670876812902,0.9556782077272509,218.63707697203725,146.48684157126496,0.32999999999999996
2026-07-04,West,B,20.0,10.034569100452963,0.074877292784279,946.3501697043422,3.223893828123862,185.66415463908533,129.47166597876853,0.3026566370312569
2026-07-04,West,C,20.0,9.08291305290951,0.07957529996521599,846.1608847579301,0.7320445662598489,167.2027504433252,118.71395281476087,0.29000000000000004
2026-07-04,West,D,20.0,8.395053905620795,0.06357955419453692,908.2606827190386,1.4568596559305573,157.22600241724638,113.20272174041739,0.28
2026-07-04,West,E,20.0,7.589813410545702,0.0930196990152239,1056.085658063648,1.951229385521833,137.67622503030063,100.50364427211946,0.27
2026-07-05,North,A,26.680901271946894,11.862233506187714,0.1220012890387149,911.4149145552891,2.258156261774598,277.8822731816706,186.61154532486734,0.32845106242935246
2026-07-05,North,B,22.376147633201803,10.060190891651251,0.08161529479242455,927.8589190294017,0.8522723569216863,206.7360349894468,142.64786414271828,0.3100000000000001
2026-07-05,North,C,20.0,8.928267875034571,0.08620209939658256,765.0735204998277,1.362288559219433,163.1726488046305,115.85258065128765,0.2900000000000001
2026-07-05,North,D,20.0,8.213183377134634,0.06675542140829038,915.3257192950146,1.9144233294786381,153.29817719380893,110.37468757954242,0.28
2026-07-05,North,E,20.0,7.788200455735442,0.09607854434273987,914.6775516364042,2.108396191459123,140.79842985797836,102.87442587768437,0.2693496228512453
2026-07-05,South,A,24.288084262993397,11.729853197935025,0.08564143051330987,735.7948230247622,2.7710718708601423,260.49679074927883,175.73802028879348,0.32537356877483914
2026-07-05,South,B,20.0,10.123552383587066,0.09729024316222355,798.4874440852816,3.0713949969507697,182.77259021044745,127.28801707759597,0.30357163001829546
2026-07-05,South,C,21.373036290978852,8.807138703493433,0.06288177131658766,877.725546950719,1.2657142976726352,176.39872634740914,125.24309570666048,0.29000000000000004
2026-07-05,South,D,20.0,8.662469493373141,0.09019103637089904,869.6581269155495,2.5540415961636707,157.6238478446904,114.01315145769709,0.2766757504230179
2026-07-05,South,E,20.0,7.592393208774339,0.10531993162202696,833.0138955707628,0.0,135.85525750357365,99.17433797760876,0.2700000000000001
2026-07-05,East,A,22.087086383175865,11.228607441271125,0.07612519464093324,853.9619723845271,1.3739244636300907,229.12762443157703,153.51550836915663,0.3299999999999999
2026-07-05,East,B,20.0,10.357037319439453,0.07645600332453498,888.396455834229,1.0468052660312643,191.30359279424115,131.9994790280264,0.31
2026-07-05,East,C,20.0,8.664920108666394,0.08692330876941919,988.3074552367735,1.0489987705532056,158.2347316519687,112.34665947289777,0.29000000000000004
2026-07-05,East,D,20.0,8.792516601054913,0.06483494309427637,813.0279058779813,1.1286133588125735,164.44908575140076,118.40334174100855,0.28
2026-07-05,East,E,20.0,7.913026356127148,0.10231235866883742,867.9205632177901,0.3518667051955402,142.06851930846204,103.71001909517729,0.27
2026-07-05,West,A,20.657136116077837,11.646401410452444,0.05360284604695262,934.2738300710681,0.0,227.68545685550026,152.5492560931852,0.3299999999999999
2026-07-05,West,B,20.0,10.088300648465282,0.08243137712838261,890.0797333119317,1.9156659699331173,185.13416266254265,127.74257223715442,0.31000000000000005
2026-07-05,West,C,20.0,9.311142714929119,0.08427808889548637,902.6406027677567,0.8529833780485401,170.52834802963525,121.07512710104102,0.2900000000000001
2026-07-05,West,D,20.0,8.929559310362846,0.09179485502437369,857.2574822590259,2.7145568559539437,162.19743416073086,117.47754832731236,0.27571265886427626
2026-07-05,West,E,20.0,7.541155001796752,0.07784641030042755,988.6153538589773,0.49197504219710964,139.0820631077552,101.52990606866129,0.2700000000000001
2026-07-06,North,A,25.41675818879396,11.423580534674624,0.08962565973520781,950.3879586651963,1.722899163003838,264.3275393707016,177.09945137837008,0.3299999999999999
2026-07-06,North,B,20.0,10.16358473170064,0.07912942208141308,856.0093679172506,2.123642099611651,187.18692291211389,129.29784191437076,0.3092581474023301
2026-07-06,North,C,20.0,8.829575070579269,0.07908428021433639,1017.8623685837489,1.5638842255033316,162.62588963048117,115.46438163764162,0.29000000000000004
2026-07-06,North,D,20.0,8.520382569807872,0.07951413084827844,858.6922683489793,2.604183382169693,156.85783510549555,113.50626665995993,0.27637489970698176
2026-07-06,North,E,20.0,7.327685469965425,0.10128359073042956,850.4733692797238,1.8924989370016136,131.71022347648264,96.14846313783232,0.27
2026-07-06,South,A,20.0,11.62741269080157,0.07623921630916587,854.2008419810968,0.9655293782873992,214.81895719103218,143.92870131799157,0.32999999999999996
2026-07-06,South,B,20.0,10.110486430197328,0.07319363397855881,905.4348403569019,0.1639382449445943,187.40926374160557,129.31239198170783,0.31000000000000005
2026-07-06,South,C,20.0,9.019587912839508,0.08298156016233078,949.1095830358328,2.248002262735898,165.42256871621572,117.69617481660839,0.28851198642358467
2026-07-06,South,D,20.0,8.43983243034107,0.07149502496088138,858.4790444863343,0.4560843586775627,156.7285280013636,112.8445401609818,0.27999999999999997
2026-07-06,South,E,20.0,7.403428469586879,0.08144085708676164,783.7305677695084,0.5345433220881357,136.00973819286384,99.2871088807906,0.27
2026-07-06,East,A,26.777030604323976,11.38139635115854,0.06744449520164164,929.612518231128,0.40615285870256157,284.2056141641665,190.41776148999156,0.32999999999999996
2026-07-06,East,B,26.314538557339837,10.099231534748464,0.07676654938006128,773.2688006949181,2.571631839889072,245.35539911098783,170.13674313590477,0.30657020896066567
2026-07-06,East,C,27.114343214563334,9.711025075581592,0.03940493705869876,849.6737077691306,1.402496771083243,252.9324290627049,179.58202463452048,0.29
2026-07-06,East,D,20.0,8.39540373259602,0.09217638647719037,836.236495006003,1.3874300930320091,152.43091507016405,109.75025885051811,0.28
2026-07-06,East,E,20.0,7.728696059240602,0.06224418008352077,1039.4919960584725,0.0,144.95259419836864,105.8153937648091,0.2700000000000001
2026-07-06,West,A,20.0,11.465661753270119,0.0740330689126164,1024.0952946163732,2.048087704082142,212.33647253123044,142.32670123666597,0.32971147377550714
2026-07-06,West,B,21.43966920864642,9.820408713115002,0.05923814859487206,881.2236760326714,1.1010352246730835,198.07394045011722,136.67101891058087,0.31000000000000005
2026-07-06,West,C,20.0,9.30483523004361,0.06370519163177782,1027.4442818044004,2.9933015621257555,174.24137837223128,124.7498240442287,0.28404019062724545
2026-07-06,West,D,20.0,8.609743160104546,0.061520791668736974,865.1265303595941,2.1236763264791145,161.6012988966084,116.47285273556876,0.2792579420411253
2026-07-06,West,E,20.0,7.527666252936753,0.07301377987391956,966.4775931971451,1.1748405969962457,139.56085772360993,101.87942613823525,0.27
2026-07-07,North,A,20.0,11.933755749943469,0.06012410550761969,828.8442564665314,3.115430273178595,224.3249872026341,151.79905471630218,0.32330741836092836
2026-07-07,North,B,20.0,10.077450971630494,0.07484406992693218,1004.9878758060167,2.301357236355549,186.46427052849103,128.99750080813192,0.30819185658186676
2026-07-07,North,C,22.390449154960308,8.998785916914537,0.0827638283360683,830.5914781197714,0.7179221263316379,184.811034757776,131.21583467802097,0.29
2026-07-07,North,D,20.0,8.390606673253968,0.08374408446522413,896.7552408193465,0.0,153.7588599858903,110.70637918984102,0.27999999999999997
2026-07-07,North,E,20.0,7.880477767268531,0.07122223885210001,932.1881214525379,0.10312709071721393,146.38424994918938,106.86050246290824,0.27
2026-07-07,South,A,20.0,11.77753852897067,0.07679618813175139,779.1124160096474,3.3313003205774008,217.46136928741774,147.43615576644314,0.3220121980765355
2026-07-07,South,B,21.603880653277635,10.17487279079645,0.0750342420279188,941.7023534698202,0.1301565347878555,203.32295515618955,140.29283905777078,0.31000000000000005
2026-07-07,South,C,20.0,9.546281950491473,0.09512075394290889,829.729619146774,0.906104671044265,172.76464828018283,122.6629002789298,0.29000000000000004
2026-07-07,South,D,20.0,8.868306086409868,0.06832738573583201,936.7550428603447,2.980229868971307,165.2471583124063,119.94983518697524,0.27411862078617216
2026-07-07,South,E,20.0,7.523282921859925,0.08991009369503376,874.1550695971832,1.484529237163198,136.93727698922504,99.96421220213428,0.27
2026-07-07,East,A,26.78064176402412,11.464006972694717,0.0680249783189176,895.5210041060004,2.0998267754606514,286.12887968950935,191.8777293325247,0.3294010393472361
2026-07-07,East,B,22.41650819946027,10.086535035411453,0.06186318042978566,1008.2627987534502,3.2350739625142753,212.11732738986836,147.93283942735323,0.30258955622491435
2026-07-07,East,C,22.171776486906474,9.00304732865643,0.07549523040258391,875.2318973702811,2.8823274458964647,184.5436818913609,132.00298187586344,0.28470603532462124
2026-07-07,East,D,20.0,8.968058668909114,0.07928483477579192,802.1125662516998,3.2684253285138456,165.14055238170093,120.15800847125897,0.27238944802891696
2026-07-07,East,E,20.0,8.117770649804154,0.08044626116988293,818.2573657681106,1.2359955077322038,149.29452703985598,108.98500473909486,0.27
2026-07-07,West,A,27.63360079597866,11.307467979339828,0.07857787160915017,1008.9826220068203,0.2654977202073885,287.9131385116712,192.90180280281973,0.3299999999999999
2026-07-07,West,B,24.821757002601917,10.192103812696717,0.06268776596619607,874.3847791066997,3.035907049242632,237.12680177605884,165.09134117862567,0.30378455770454427
2026-07-07,West,C,20.0,8.659470496881864,0.07031052302159338,856.4025414434022,0.045361877470060374,161.01237194312088,114.31878407961582,0.29000000000000004
2026-07-07,West,D,20.0,8.406149959006191,0.08533540073170566,904.5618346454962,0.7766653404677681,153.77615567287174,110.71883208446765,0.28
2026-07-07,West,E,22.302724409745778,7.512878480493275,0.08576644156429489,1006.407428569181,0.0,153.1868341673139,111.82638894213913,0.2700000000000001
2026-07-08,North,A,20.0,11.762633412476625,0.07815229556361643,946.9708699047701,2.1115793650208063,216.86713218836562,145.44616594762573,0.32933052380987515
2026-07-08,North,B,20.0,10.472976608940462,0.0686152270401035,872.6856294083428,2.277934220027543,195.08741882264638,134.93564780515194,0.3083323946798348
2026-07-08,North,C,20.0,8.984501749411434,0.08074963962059893,917.3289889282156,0.42530629830823297,165.18012941951642,117.27789188785665,0.29000000000000004
2026-07-08,North,D,20.0,8.364961611481881,0.07917458050414555,856.8550062714421,1.63400447616791,154.05338569919044,110.91843770341711,0.28
2026-07-08,North,E,20.0,7.348612014776269,0.11518599558441511,919.1165873942086,2.559118660208185,130.0430964738134,95.36771755710235,0.26664528803875087
2026-07-08,South,A,25.839810891600823,11.005186880829056,0.04163480393248991,803.5005099478524,1.1007089382500939,272.5321775356572,182.59655894889033,0.3299999999999999
2026-07-08,South,B,20.0,10.251414160148723,0.09380621747510917,927.974148031205,0.3617360157247864,185.79535548028798,128.1987952813987,0.31
2026-07-08,South,C,20.0,9.186877327483272,0.07220342073869601,892.7543946099191,2.8831351398621203,170.4710671706442,121.93775162964653,0.2847011891608273
2026-07-08,South,D,22.19040862033041,8.302402836579445,0.0911424100993333,877.0580308333265,1.4403315194394715,167.44220698897632,120.55838903206295,0.28
2026-07-08,South,E,20.0,7.525206630202602,0.04007051994264008,989.0695512198835,0.0,144.47335375709162,105.46554824267687,0.27
2026-07-08,East,A,29.605190066088408,11.971835236563987,0.07973707627576734,870.6291310144298,0.20736519800210873,326.1673686589526,218.53213700149828,0.3299999999999999
2026-07-08,East,B,20.160463528255075,9.948240443928722,0.104728620844608,933.4796490511125,3.739502879643737,179.5566471953313,125.7681223939113,0.29956298272213766
2026-07-08,East,C,20.0,8.776258255381391,0.10319650844234077,879.7584921112572,1.5763068108490466,157.41158092475527,111.76222245657624,0.29000000000000004
2026-07-08,East,D,20.0,8.353572117752703,0.08220312759682728,976.0961032476704,0.057533149154340046,153.33764726135558,110.40310602817601,0.2800000000000001
2026-07-08,East,E,20.0,7.889700215158503,0.07698295733237571,815.137780019563,1.3638002912160216,145.6465552025944,106.32198529789392,0.27
2026-07-08,West,A,26.166854041007966,11.281040011494227,0.07270366440201158,908.485692858255,1.5010471860825367,273.7279816163561,183.3977476829586,0.32999999999999996
2026-07-08,West,B,20.0,10.142298533627995,0.09192845327965571,884.2687772050675,1.1216619654760973,184.19865433462107,127.09707149088852,0.31000000000000005
2026-07-08,West,C,20.0,9.06850989186325,0.06454226746418594,969.5851219004128,1.4636538763330955,169.66415401841994,120.46154935307815,0.29
2026-07-08,West,D,20.0,8.406379527628545,0.059275530140973844,893.5349255213484,2.441381950490345,158.16173849124266,114.29531013346397,0.2773517082970579
2026-07-08,West,E,20.0,7.623066400035794,0.061945996776568216,797.7906529103753,0.4665044685395936,143.01695906783223,104.40238011951753,0.27
2026-07-09,North,A,20.0,11.839334395999952,0.06900322503076106,841.4589006030855,1.9662251226514789,220.44764280916678,147.69992068214174,0.33
2026-07-09,North,B,22.071015484460155,9.94347949976717,0.08058841891642635,1062.9463735498614,1.5528513098689487,201.77653880982047,139.22581177877612,0.31
2026-07-09,North,C,20.0,8.951773996417682,0.09027573445475771,785.9254736660994,3.638174470485208,162.8729204843615,117.24065910552173,0.28017095317708884
2026-07-09,North,D,20.0,8.440775610221676,0.07374367659287073,808.703741408473,1.1672433016701254,156.36643566856995,112.58383368137036,0.27999999999999997
2026-07-09,North,E,20.0,7.244347850380845,0.07699680785566251,897.8870599997903,2.545830591760698,133.73112381810978,98.06168761792291,0.2667250164494358
2026-07-09,South,A,20.0,11.162831085906511,0.07655001205958327,914.3661764192085,0.7429704341495336,206.16632463322554,138.13143750426113,0.3299999999999999
2026-07-09,South,B,20.0,10.403258934221904,0.08173324284746697,1000.8753744768012,1.689836394352477,191.0593369069213,131.83094246577568,0.31000000000000005
2026-07-09,South,C,20.0,8.918545826316693,0.07178354557479691,893.632457364607,1.3074734304767421,165.56681971064748,117.5524419945597,0.29000000000000004
2026-07-09,South,D,20.0,7.994228686741735,0.07158606498681443,909.5380814377445,1.85982566628689,148.4390662490637,106.87612769932586,0.28
2026-07-09,South,E,20.0,8.088871635990946,0.09139000657187703,953.6742004584185,2.8825206424082257,146.9925920803733,108.08293619942462,0.2647048761455507
2026-07-09,East,A,31.57391319174843,11.962713408572817,0.09426747756168391,885.6337479643843,2.2063801464245856,342.1039364154259,229.6332581612744,0.3287617191214525
2026-07-09,East,B,20.0,10.115540667162433,0.08931877416342583,886.6225653154063,0.7796519626406515,184.24065949542404,127.12605505184258,0.31
2026-07-09,East,C,20.0,9.530772473693126,0.07669288126120523,1002.0450686297982,1.9555804373365768,175.99660144081233,124.95758702297675,0.29
2026-07-09,East,D,20.0,8.861085925523358,0.0613739328177295,976.0977138942136,3.897376589597702,166.34492466476317,121.66205955377337,0.26861574046241377
2026-07-09,East,E,20.0,7.956269833156361,0.06247047671015942,1001.0975277481666,1.2113851212305062,149.18475727688846,108.90487281212857,0.27
2026-07-09,West,A,20.0,11.640114443739701,0.08798264239767731,789.1931206194434,3.4692258168221626,212.31972834336227,144.12589174786916,0.3211846450990669
2026-07-09,West,B,26.86970244347155,10.060132314212774,0.07329485810132218,823.8503573773153,0.2779956130402068,250.5002263039212,172.84515614970562,0.31000000000000005
2026-07-09,West,C,20.0,8.82191702130466,0.09110426500479374,815.0876335905947,0.8370339530302465,160.3640551029084,113.85847912306495,0.29000000000000004
2026-07-09,West,D,20.0,8.584176797939076,0.07583970107103472,948.7345223285258,1.5342101183327983,158.66310791284928,114.23743769725148,0.28
2026-07-09,West,E,20.0,7.522476172852642,0.06433666976635763,932.9454710272851,1.5760944789225162,140.77010214989053,102.76217456942008,0.2700000000000001
2026-07-10,North,A,20.0,11.277347925748103,0.06921219656055588,846.727626746125,1.2921778112796234,209.93635808858895,140.6573599193546,0.32999999999999996
2026-07-10,North,B,21.261856869840436,9.798716699635396,0.05630421954208363,887.7043037102101,1.1661111884885376,196.60855213672085,135.65990097433738,0.31000000000000005
2026-07-10,North,C,20.0,8.94831278933811,0.07398434273871367,910.6317038302504,1.1067020529778544,165.72555497997007,117.66514403577874,0.2900000000000001
2026-07-10,North,D,20.0,8.869459075002068,0.08732306959600358,906.6158045357301,0.6928864793586781,161.89901365833515,116.5672898340013,0.28
2026-07-10,North,E,20.0,7.903680368624445,0.07099426356625474,902.9298133047735,2.2673386977205734,146.85128802781776,107.43699445290663,0.2683959678136766
2026-07-10,South,A,26.484440397852538,11.822722863159852,0.082954689568889,935.4624136775619,1.2377173789839395,287.1435760124675,192.38619592835326,0.3299999999999999
2026-07-10,South,B,20.0,10.620076776494583,0.08117705117265518,867.8269439748252,1.0943573674871627,195.15940521103113,134.65998959561148,0.31
2026-07-10,South,C,20.0,9.239139782023331,0.06769983196040746,809.4945462198899,2.5981482521877473,172.27303142643274,122.93212118864808,0.2864111104868735
2026-07-10,South,D,20.0,8.787555939624363,0.04771629403064546,870.2300361961323,3.518265543792186,167.36492673197003,122.02737365599714,0.2708904067372469
2026-07-10,South,E,20.0,7.742862306379085,0.0908919358417333,969.8169208594458,1.773883938259682,140.78197124792604,102.77083901098601,0.26999999999999996
2026-07-10,East,A,24.930936652497543,11.940220285008076,0.08783491314281897,963.075518816636,3.464635519883087,271.53410169485727,184.3140390767654,0.3212121868807014
2026-07-10,East,B,20.0,10.85277566959696,0.07138483837284172,901.8755410183607,2.995544015201735,201.56104065052145,140.28109537516457,0.30402673590878954
2026-07-10,East,C,22.323038402594598,8.92788027228355,0.08938616814634381,1010.5302178112922,1.2468094546055946,181.48298199764676,128.8529172183292,0.29000000000000004
2026-07-10,East,D,20.0,8.733985660325391,0.04753884692790395,928.7386144540807,1.4144273202113746,166.37564105897346,119.79046156246089,0.27999999999999997
2026-07-10,East,E,20.0,7.840289303429462,0.07451143632293819,982.6858735090494,1.5487871050346307,145.12196172487128,105.93903205915603,0.27
2026-07-10,West,A,20.0,11.647337625409586,0.0749917276100967,923.5580956993186,0.5876818754463786,215.4776730964408,144.37004097461536,0.3299999999999999
2026-07-10,West,B,24.395709325729893,10.459785957871045,0.07797330453640057,960.7647528912091,2.375740963760949,235.27714579174375,162.87165016536747,0.3077455542174343
2026-07-10,West,C,20.0,8.926729862002947,0.07047148953316505,897.0497230401116,2.337853348868137,165.9529982393483,118.16303540719652,0.28797287990679116
2026-07-10,West,D,20.0,8.07878429112272,0.09247747178144569,923.1271428959187,0.9532215777357762,146.63357489624062,105.57617392529325,0.27999999999999997
2026-07-10,West,E,20.0,7.272768880786629,0.07932293929230733,926.5820012939572,1.3293058537811304,133.91742952738016,97.75972355498752,0.27
2026-07-11,North,A,26.479227976648534,11.167637046334399,0.08854696923058651,886.9536055230252,2.531523774993701,269.52614697308024,181.4420758025556,0.3268108573500378
2026-07-11,North,B,20.0,10.30461234224623,0.08517225616834682,939.2896368480851,2.0823526073671226,188.53890520233853,130.1850046122149,0.30950588435579734
2026-07-11,North,C,20.0,9.347566624426236,0.09750174743285357,795.4091285415233,1.6860828936902983,168.72325088599314,119.79350812905513,0.29000000000000004
2026-07-11,North,D,20.0,8.548601469235143,0.06283099643319774,801.344142870902,1.1398619364229865,160.22968641625602,115.36537421970432,0.2800000000000001
2026-07-11,North,E,20.0,7.641488828725512,0.055313252527786336,896.0443736826796,1.8514648615819806,144.3762645490792,105.3946731208278,0.2700000000000001
2026-07-11,South,A,21.242825159554673,11.402116891561143,0.06797780898885464,862.3280848416117,0.7291553735421932,225.74805459233292,151.25119657686307,0.32999999999999996
2026-07-11,South,B,20.0,10.236989616356198,0.07713920183287847,875.4017712396163,1.0766804510034809,188.94632816358032,130.3729664328704,0.31000000000000005
2026-07-11,South,C,26.756341067178592,8.907318712125447,0.07163041987180711,929.4709311722387,4.793854108368148,221.25577593724304,160.80053906705726,0.2732368753497911
2026-07-11,South,D,20.0,8.710671800994316,0.06634941666198278,885.2326404440523,2.409061507805097,162.6544761652872,117.51043695063531,0.2775456309531694
2026-07-11,South,E,20.0,8.002291242206896,0.08849602028988868,930.4443775663963,2.4729894374492076,145.88240628141912,106.90816160912067,0.2671620633753048
2026-07-11,East,A,20.0,11.652838605064552,0.09813823089026691,1026.1149823042554,1.6347380435175534,210.1849927902742,140.82394516948372,0.33
2026-07-11,East,B,23.02909506456103,10.252995637442902,0.08377229796526726,812.4132850083506,1.6372371289676249,216.33712985721388,149.27261960147757,0.31000000000000005
2026-07-11,East,C,20.0,9.15529662133529,0.07375872318100207,901.4915243248578,1.837677018704695,169.60027264404513,120.41619357727204,0.29000000000000004
2026-07-11,East,D,20.0,8.665778095266433,0.08250729931377263,1025.350591707682,0.1327871086980017,159.01576296347102,114.49134933369913,0.28
2026-07-11,East,E,20.0,7.5797783865762165,0.07486218726950919,1008.0840633600367,1.0115883439344635,140.2467919507794,102.38015812406896,0.27
2026-07-11,West,A,27.82215242601315,11.611098350894418,0.07838749768353911,905.165788723856,2.1191179850137534,297.72300031707124,199.68719519577786,0.3292852920899174
2026-07-11,West,B,20.0,10.284526480376583,0.07338263379581833,914.2954647935145,1.7522642640034325,190.59641679807424,131.51152759067122,0.31000000000000005
2026-07-11,West,C,20.0,8.945215760631097,0.09065204529314812,859.9203343865133,0.5936885070494948,162.6862731268277,115.50725392004766,0.29000000000000004
2026-07-11,West,D,20.0,8.231987056906581,0.09523493425078494,851.075856381533,0.5309475238102027,148.9602862157754,107.25140607535828,0.2800000000000001
2026-07-11,West,E,20.0,7.457354324536587,0.07717785972292855,958.306584533588,0.4879709990834642,137.63623357146656,100.47445050717059,0.27
2026-07-12,North,A,24.659035081341322,11.684736476030862,0.08806294742290915,863.293633314341,1.5735891110194766,262.76036861763424,176.04944697381495,0.32999999999999996
2026-07-12,North,B,20.0,10.522476381690417,0.09147206407589885,902.7882237756194,0.8066957727995757,191.19927495734598,131.9274997205687,0.3100000000000001
2026-07-12,North,C,20.0,8.817947323573563,0.08266477064931954,833.3224333593021,1.0845073357608042,161.78027460945145,114.86399497271053,0.29000000000000004
2026-07-12,North,D,20.0,8.109049124948582,0.0744286080845804,838.7289432886379,1.4149050295750845,150.11007771378348,108.0792559539241,0.28
2026-07-12,North,E,20.0,7.583613364554259,0.08865327965897975,844.9017655355026,1.3170892098122922,138.22602336241707,100.90499705456446,0.26999999999999996
2026-07-12,South,A,20.0,11.18433137199542,0.08809157780954972,964.2762768573414,0.5628507934868663,203.98171949382996,136.6677520608661,0.3299999999999999
2026-07-12,South,B,20.0,10.46563337907748,0.06316065217117528,926.6654462793999,0.8222302992711796,196.0923429894105,135.30371666269323,0.31000000000000005
2026-07-12,South,C,20.16968588736625,9.51665222707873,0.08062049245521309,879.7234815122199,3.337745630786756,176.4729530147926,126.7122521715882,0.28197352621527944
2026-07-12,South,D,20.0,8.264454750760173,0.08630300760294882,821.4886291842813,0.0,151.0241489914218,108.7373872738237,0.28
2026-07-12,South,E,20.0,7.271890286949869,0.08640424416183777,864.9075865097205,2.4064581208123634,132.87136206156313,97.32013416974101,0.26756125127512587
2026-07-12,East,A,20.0,11.381453346036315,0.06551281521223722,907.1463437421658,1.3987864419840823,212.71644592261478,142.5200187681519,0.32999999999999996
2026-07-12,East,B,20.0,10.618589810046705,0.06920894270469537,827.113253458152,2.891433179255312,197.67376872557043,137.45217815730607,0.3046514009244682
2026-07-12,East,C,20.0,9.395776352137016,0.09697035728379977,938.8548804049941,1.0797421022997649,169.69329124623226,120.4822367848249,0.29
2026-07-12,East,D,20.0,8.365015205351815,0.08923924905722111,933.0190465543842,3.362492172052373,152.37055060147966,110.9524185277403,0.27182504696768583
2026-07-12,East,E,20.0,7.768038744550177,0.0580853508896729,828.8268297613031,1.960224673206289,146.3365897669681,106.8257105298867,0.2700000000000001
2026-07-12,West,A,20.0,12.040485445297126,0.07620107585511784,980.6807805230975,0.7598258957057727,222.45975001095192,149.0480325073378,0.3299999999999999
2026-07-12,West,B,20.0,10.08814521395258,0.09873578251979251,790.6882068411429,1.5427675653079593,181.84168604159342,125.47076336869945,0.31000000000000005
2026-07-12,West,C,20.0,9.000883529488373,0.10309777229795368,973.5858181608148,0.8938130523658664,161.45824977769558,114.63535734216386,0.29000000000000004
2026-07-12,West,D,22.90389981262696,8.287264194047108,0.07710180468862711,839.9857973212078,1.8886252741444505,175.17592370595383,126.12666506828675,0.28
2026-07-12,West,E,20.0,7.543769928123502,0.07632398642609953,904.9885300904995,1.5489383927081115,139.3599866905557,101.73279028410566,0.27
2026-07-13,North,A,21.8194038453802,11.350293413635804,0.0716724241347537,896.8669651134943,1.3814124111751696,229.90648431801142,154.03734449306765,0.33
2026-07-13,North,B,20.0,10.280984910521504,0.05277857376987205,880.4050521658002,0.7695337410910483,194.76738379989206,134.38949482192552,0.31
2026-07-13,North,C,20.0,9.507299503702223,0.08028292770087428,866.1738504424177,1.6767696782259034,174.88051330031877,124.16516444322632,0.29000000000000004
2026-07-13,North,D,20.0,8.196186633924317,0.0774527444585739,880.5817490670686,0.5629915714042442,151.22738970064395,108.88372058446365,0.28
2026-07-13,North,E,20.0,7.317999197889118,0.101958896067715,992.3327535140662,2.3303977491075423,131.4372815649584,96.20977503428688,0.26801761350535486
2026-07-13,South,A,26.25860634835462,11.668246856041119,0.07320696971931298,980.2721223814788,0.46274905373437725,283.9618783517877,190.25445849569775,0.32999999999999996
2026-07-13,South,B,20.0,10.823505704095476,0.07452353035983869,889.0245746512971,3.47289585478048,200.33799696312857,140.0036799362508,0.30116262487131723
2026-07-13,South,C,21.400242986293506,9.524172934308114,0.06465575107728931,827.6914542011028,1.0150019217091315,190.6415047431289,135.3554683676215,0.29000000000000004
2026-07-13,South,D,20.0,8.666766712631237,0.07705057444626467,938.9367394481296,1.5523663231901361,159.9797471766247,115.18541796716978,0.27999999999999997
2026-07-13,South,E,20.0,7.9216915009892634,0.07476358754990124,943.4498987459983,2.0324013062378574,146.58874849823488,107.03828440529816,0.2698055921625728
2026-07-13,East,A,29.533982803819203,11.473785653054241,0.048145438114356044,914.0494800713121,1.5571276134535608,322.55170782215293,216.10964424084247,0.32999999999999996
2026-07-13,East,B,20.0,10.236872663608233,0.07458472347910562,947.0039426506498,0.15724605071748954,189.46716693404395,130.7323451844903,0.3100000000000001
2026-07-13,East,C,20.0,8.998405196315732,0.07306131729069373,897.1358686758625,2.7354785974641467,166.8193971831496,119.17792457765667,0.28558712841521516
2026-07-13,East,D,20.0,8.3898409614034,0.08694300233382359,945.3502572240554,2.8493180484506717,153.20805998231393,111.09053741033259,0.2749040917092959
2026-07-13,East,E,20.0,7.751557551471086,0.059296360350332554,885.6508824480611,0.6238811683008616,145.8383680324543,106.46200866369163,0.27
2026-07-13,West,A,20.0,11.233865743811,0.05191736388694139,882.0432109860179,0.1534707868658589,213.0126609626504,142.71848284497577,0.32999999999999996
2026-07-13,West,B,20.0,10.001736555967355,0.08118387819024839,976.3401511161694,1.0661663590916237,183.79513587433493,126.8186437532911,0.31
2026-07-13,West,C,20.0,9.274082720350428,0.08304820643442039,893.6539276983978,0.09792896075594504,170.0777356820175,120.75519233423242,0.29000000000000004
2026-07-13,West,D,20.0,8.47296979044577,0.06882303774153967,806.0351963773659,1.8819630334848083,157.79668541549992,113.61361349915994,0.28
2026-07-13,West,E,20.0,7.7431038956407985,0.09361393353963493,901.2425680545023,0.7358322421157771,140.36482964327587,102.46632563959137,0.2700000000000001
2026-07-14,North,A,22.495381004171872,11.886781569885692,0.057780049088747946,1096.3123744915256,0.5888974549289511,251.94742923238078,168.80477758569515,0.3299999999999999
2026-07-14,North,B,20.0,9.727251547524181,0.07126174784977751,916.8644498719307,0.0,180.68141200946312,124.67017428652954,0.31000000000000005
2026-07-14,North,C,20.48674943157319,8.87208440595781,0.0729391411662274,777.484917460775,2.4236541553689124,168.50273945088213,120.06526632468278,0.28745807506778653
2026-07-14,North,D,20.0,8.44297120457109,0.06871497743799773,811.5374776415434,1.2061331025264121,157.2562525747865,113.22450185384626,0.28
2026-07-14,North,E,20.0,7.562691728705002,0.08823785741349549,914.4683050747217,1.7003995004802925,137.90752028570617,100.6724898085655,0.27
2026-07-14,South,A,20.0,11.623147887911218,0.07503700397293336,973.3785063473567,1.3334016923503822,215.01963387336065,144.06315469515164,0.32999999999999996
2026-07-14,South,B,20.0,10.537796082114749,0.10166712949059639,831.3565432462805,2.252784437364372,189.3289720657778,130.92414723146922,0.30848329337581376
2026-07-14,South,C,20.0,9.369708728564985,0.0816707759199662,982.1493640628922,0.7548025291785376,172.08954693118008,122.18357832113786,0.29
2026-07-14,South,D,20.0,8.393961185442265,0.08787335546475492,892.3363363275053,0.3863971683851226,153.12711300873082,110.25152136628618,0.28
2026-07-14,South,E,20.0,7.652777685905282,0.09871139505235521,900.5416834095133,2.633602358005998,137.94722649008074,101.22589746566595,0.26619838585196404
2026-07-14,East,A,20.0,11.223556926196173,0.09145001168576734,877.1315187989135,0.0,203.94325028279314,136.64197768947142,0.32999999999999996
2026-07-14,East,B,21.66436120911641,10.567392673940377,0.07137470455318379,896.3287963453149,0.8565122909168706,212.59558598889518,146.69095433233767,0.31000000000000005
2026-07-14,East,C,20.0,9.061438293150976,0.09573902523328716,908.411265336533,0.7008561669715281,163.8781004750624,116.3534513372943,0.29000000000000004
2026-07-14,East,D,20.0,8.399941797523535,0.09259564904839951,955.2191999206592,1.6489585412423495,152.4428746962613,109.75886978130814,0.28
2026-07-14,East,E,20.0,7.694101142871807,0.07051412364725967,985.7077535950143,0.8692282948087766,143.03116687057644,104.4127518155208,0.26999999999999996
2026-07-14,West,A,25.399437746404086,11.2442587084444,0.08271295136982247,859.8241885410408,0.0,261.9752080681762,175.52338940567805,0.33
2026-07-14,West,B,23.852468832073033,10.16871360282221,0.08176869004499047,872.5422467304694,0.0,222.7160164639205,153.67405136010515,0.31
2026-07-14,West,C,20.0,9.216322468849585,0.09443533567001547,888.4040931163096,1.2897422482265717,166.91951925721335,118.51285867262148,0.29000000000000004
2026-07-14,West,D,20.0,8.4488696152067,0.061076374064033025,824.0374440922595,0.0,158.65686588340188,114.23294343604935,0.27999999999999997
2026-07-14,West,E,20.241644838335528,7.53235969962168,0.08329816044535049,774.6614286383672,0.9865037488019439,139.76710006515603,102.0299830475639,0.26999999999999996
2026-07-15,North,A,26.397137640102176,10.956950465036103,0.07167810984812513,916.1342750400898,1.445385119149939,268.5005171884682,179.89534651627372,0.32999999999999996
2026-07-15,North,B,20.0,9.740509629236255,0.06798360061496843,845.8834553391443,0.7512420123803376,181.56629425632008,125.28074303686084,0.31000000000000005
2026-07-15,North,C,21.396252581859837,8.796599305465215,0.08451468911657238,967.2318554230169,1.6582970372179158,172.3073908791351,122.33824752418593,0.29
2026-07-15,North,D,20.0,8.69778274179939,0.07741669792858853,794.7941238926932,1.9343925265848003,160.48858245258032,115.55177936585783,0.28
2026-07-15,North,E,20.0,7.694386713391463,0.08646774689058845,863.2547239671725,1.9755023331518826,140.58140861159248,102.6244282864625,0.2700000000000001
2026-07-15,South,A,27.42785751526921,11.385030546065744,0.08631318529508554,1020.3118111824377,2.0946362250040784,285.3142365696035,191.32254487536756,0.32943218264997554
2026-07-15,South,B,20.0,10.036701773442712,0.05752781923377015,929.4987634933977,3.052367006662473,189.1862441623368,131.7330686408374,0.3036857979600252
2026-07-15,South,C,20.0,9.87917606033098,0.0848756711177945,886.2867497504917,0.19767859489996775,180.81348724239078,128.37757594209745,0.29000000000000004
2026-07-15,South,D,20.0,8.401032901354307,0.0739611559586809,802.4702246251222,0.9129756089329505,155.59365593446464,112.02743227281454,0.28
2026-07-15,South,E,20.0,7.674712011109598,0.07661791947949642,932.9747092394574,2.257637829515743,141.73383088428156,103.6847925248734,0.2684541730229056
2026-07-15,East,A,24.832351440400167,11.671249518191706,0.08200902115637985,952.7178610614443,2.1702214569915914,266.0563405092551,178.52947912874097,0.3289786712580503
2026-07-15,East,B,20.916934626612527,10.14490137662597,0.10295596702180863,927.3919520299143,1.0220984602265664,190.3529580913114,131.34354108300485,0.31000000000000005
2026-07-15,East,C,20.0,8.947610536934091,0.0678826642203276,865.5448202777075,1.146147979130149,166.80445790562257,118.43116511299202,0.29000000000000004
2026-07-15,East,D,20.0,8.337126229370181,0.08399334476951843,938.8073934621543,2.765943584148599,152.73726223199392,110.67275756343773,0.2754043384951084
2026-07-15,East,E,20.0,7.760325928689332,0.07162772321156424,899.0105318552561,1.953080074687763,144.08942902075293,105.18528318514964,0.26999999999999996
2026-07-15,West,A,21.40463104548311,11.474441068009465,0.0796636353759533,898.6237869040439,2.844404972090244,226.04029654233423,152.59221598512255,0.3249335701674585
2026-07-15,West,B,24.600311388120787,10.434976466461414,0.0900056832137548,978.1642859313124,0.0,233.5988811645929,161.1832280035691,0.31000000000000005
2026-07-15,West,C,20.0,9.278931820268692,0.0654120075013938,1038.347211578184,0.31492595669674417,173.43956524872712,123.14209132659624,0.2900000000000001
2026-07-15,West,D,20.0,8.786526659762936,0.08177630482154782,896.8619780968855,1.0798799416398284,161.3599395462301,116.17915647328566,0.2800000000000001
2026-07-15,West,E,20.0,7.596561405097692,0.0637588952915606,964.7709694778703,1.1045562056860143,142.24426083788313,103.83831041165469,0.26999999999999996
2026-07-16,North,A,22.58985793103969,11.12945737527987,0.09277232190370804,862.0470312113463,1.4929002380908574,228.0887060896867,152.8194330800901,0.3299999999999999
2026-07-16,North,B,22.006728275188713,10.158198290755749,0.0625150799014143,898.7898789976308,3.3478097114496044,209.57354411076264,146.3005369845186,0.3019131417313024
2026-07-16,North,C,20.0,8.998723707067352,0.09769948609186384,791.8514098831877,0.9751214918579598,162.39106050808402,115.29765296073965,0.29000000000000004
2026-07-16,North,D,20.0,8.831693650113698,0.09248198242185676,996.1278599148332,1.244984347340139,160.29842226417318,115.41486403020468,0.2800000000000001
2026-07-16,North,E,20.0,7.5333526590913475,0.0775113521734838,841.7679135235329,1.8293177319454341,138.98864616170934,101.46171169804782,0.26999999999999996
2026-07-16,South,A,20.0,11.577128341153323,0.054695506420871905,878.7860670244019,1.3106796774321021,218.87822887269027,146.6484133447025,0.3299999999999999
2026-07-16,South,B,21.951819114994148,9.73887575154724,0.07427740970444434,967.204967474512,1.0182453526354132,197.9065656822861,136.5555303207774,0.31000000000000005
2026-07-16,South,C,20.0,9.549023661413091,0.0899332007285958,916.7761087591272,1.089777005810481,173.80498799418234,123.40154147586945,0.2900000000000001
2026-07-16,South,D,20.0,8.714849022622605,0.06001703430063482,931.8982942988445,0.6763040234286666,163.8361925981402,117.96205867066094,0.28
2026-07-16,South,E,20.0,7.0495078509652,0.10061706823985624,768.1287526643986,1.3598648715719939,126.80414076934464,92.56702276162159,0.27
2026-07-16,East,A,20.0,11.11765348354793,0.07970442716231897,944.3240304296517,1.4341019621911153,204.63054562505164,137.1024655687846,0.33
2026-07-16,East,B,20.0,9.922989863388457,0.07380370418508661,916.1540956468695,1.5336102869115773,183.81272909758644,126.83078307733463,0.31000000000000005
2026-07-16,East,C,20.0,9.32536167508384,0.0706790484241395,862.0325943372197,0.6302826376750962,173.3250797135595,123.06080659662723,0.29000000000000004
2026-07-16,East,D,20.72381215325405,8.466800886764835,0.06958229745395342,1049.9923977964122,2.4261077504485438,163.2551756610867,117.96111224988259,0.2774433534973087
2026-07-16,East,E,20.0,7.908460615216358,0.09554116925862184,901.8643926333363,0.894360248341667,143.05754082005652,104.43200479864126,0.26999999999999996
2026-07-16,West,A,17.854250720897845,11.448764433409591,0.10465120917959418,566.2180403527798,6.3100172346287975,183.01745004293863,127.35454171230617,0.3041398965922272
2026-07-16,West,B,18.1447098200999,9.820150161860436,0.11489998934357552,648.0842183645428,6.7159129707548,157.71046121924638,113.28271109940539,0.28170452217547126
2026-07-16,West,C,18.917556255396963,9.304506938430942,0.12514613092211918,696.415309026975,5.898069148639476,153.99049500633524,112.93484504110552,0.26661158510816313
2026-07-16,West,D,18.374489208401812,8.424521696395772,0.1091273686218886,785.4764142501168,5.427484297310885,137.90377196052785,102.12669388918795,0.2594350942161347
2026-07-16,West,E,18.04156032147725,7.96950794858174,0.10364025643630559,514.1608183217738,7.5832778437961,128.88071789260204,98.4003852018133,0.23650033293722336
2026-07-17,North,A,20.0,11.542657362596149,0.08824006877669749,877.5083062623482,0.0,210.4826496610962,141.02337527293446,0.32999999999999996
2026-07-17,North,B,25.818132692142854,10.145622698342429,0.10234457136185936,824.1004279415249,2.1490461289556837,235.1327903185668,162.45189911293627,0.30910572322626595
2026-07-17,North,C,20.0,9.067826440363824,0.0657123264785974,1005.4738014482992,0.5301319771890588,169.43916937726758,120.30181025785997,0.29000000000000004
2026-07-17,North,D,20.0,8.76960901910217,0.07345273282452476,939.3291092767001,1.4743606701168275,162.5091454169303,117.0065847001898,0.28
2026-07-17,North,E,20.0,7.741976078373633,0.049303554506774275,727.2028912799855,1.9397073884146367,147.20538277606792,107.45992942652958,0.27
2026-07-17,South,A,20.0,11.713560746329623,0.08933442959087565,818.1234922734538,0.20158952103805894,213.34272957156386,142.9396288129478,0.32999999999999996
2026-07-17,South,B,20.0,10.246553965589532,0.04952100214934445,921.8000561660045,1.4867764241514418,194.782686892724,134.40005395597956,0.31
2026-07-17,South,C,20.0,9.231330242013263,0.08335586237489306,764.4667447818357,0.9583457406011047,169.23689497645634,120.15819543328399,0.29000000000000004
2026-07-17,South,D,20.0,8.261731158692506,0.07132486062707682,999.2133368404046,1.979124217963086,153.4492867052077,110.48348642774954,0.28
2026-07-17,South,E,20.0,7.738516209111467,0.05833280988270664,895.8065843625986,1.7455235809950345,145.7421362862225,106.39175948894241,0.27
2026-07-17,East,A,28.48172099101939,11.364885380992812,0.07637543574256445,893.5576345323745,2.5588144671327946,298.96941557650405,201.31191904418404,0.32664711319720324
2026-07-17,East,B,20.0,10.83790831832253,0.063821108549949,924.268170921793,1.4352999184504762,202.92441990168945,140.0178497321657,0.3100000000000001
2026-07-17,East,C,20.0,9.0525640739984,0.07722859444210538,821.884629898604,1.2650681337120446,167.0689454893281,118.61895129742294,0.29000000000000004
2026-07-17,East,D,25.641484797372634,8.445002270571656,0.08895396489234643,875.1665429351161,1.1653471423183945,197.28009252443036,142.04166661758984,0.2800000000000001
2026-07-17,East,E,20.0,7.212538553002687,0.07759068289818846,982.0067156429344,1.0929923456805697,133.05825522491392,97.13252631418716,0.27
2026-07-17,West,A,18.04927559962381,11.355713205611286,0.1003544097073655,540.3349499239338,9.004830238737945,184.39351688728874,131.29352801199934,0.2879710185675724
2026-07-17,West,B,18.209788728394106,10.41494101619902,0.08862172344265894,629.1410453736062,7.76915909537094,172.84642221718318,125.24710238287591,0.2753850454277744
2026-07-17,West,C,18.998306332665415,8.9426638473589,0.07388187227801837,511.7488358625074,8.115891175789118,157.34327199373118,117.4874890880866,0.2533046529452654
2026-07-17,West,D,19.427748460651557,8.896857332035287,0.09561207705255717,641.0325524867959,6.801373262573464,156.31975022216463,117.0535169747317,0.25119176042455926
2026-07-17,West,E,21.085248465244465,7.670517999056824,0.12548092548830325,506.6394255179789,6.879671421046847,141.44014825681614,107.39239692290026,0.24072197147371902
2026-07-18,North,A,20.339044498952166,10.903489631908982,0.07714156528314499,964.2650143530558,0.7469532608067764,204.65914118835713,137.12162459619927,0.33
2026-07-18,North,B,22.36094930724548,10.344170058532477,0.08593187973198713,941.3450155997812,0.0026532512797321495,211.4289491362803,145.8859749040334,0.31000000000000005
2026-07-18,North,C,20.0,9.411298163442183,0.11177314718645295,872.806622206725,0.0,167.1873549720833,118.70302203017914,0.29000000000000004
2026-07-18,North,D,20.0,8.543126797096269,0.08020102787327059,971.9323052980822,1.2659179269198544,157.15918493434933,113.15461315273151,0.28
2026-07-18,North,E,20.0,7.339719633151848,0.06463662093352937,813.9986848861707,1.1396724125740132,137.30609914930855,100.23345237899524,0.27
2026-07-18,South,A,20.0,11.458627451342283,0.0682022732900138,895.8349630199284,2.373766254056196,213.54246020754763,143.55233813165924,0.32775740247566276
2026-07-18,South,B,21.308168602258434,10.151237537198892,0.07963707667652968,899.506742162516,0.9372175953182892,199.07844035560035,137.36412384536422,0.3100000000000001
2026-07-18,South,C,20.0,8.997166441932425,0.08777617943801996,953.1335395865547,0.6872530389542588,164.14859091783265,116.54549955166118,0.29
2026-07-18,South,D,20.0,8.712919968307263,0.08091464813650498,819.2152591622054,3.0209537333910634,160.15834229660305,116.29509199856284,0.27387427759965366
2026-07-18,South,E,20.0,7.445945688506108,0.059230835779485305,943.5085532321913,0.11726510557172243,140.09832204414474,102.27177509222565,0.27
2026-07-18,East,A,21.885208256246777,11.380079755823935,0.07419556104041852,1015.5258417473331,0.9027623356736606,230.57660915100269,154.4863281311718,0.32999999999999996
2026-07-18,East,B,20.0,9.869466525479174,0.09194075926229492,1042.714158217252,1.2842443766521792,179.2412055922563,123.67643185865684,0.31000000000000005
2026-07-18,East,C,20.0,9.311496044939197,0.09623295995898958,847.9955462463674,0.9786641677979964,168.30846437776546,119.49900970821346,0.2900000000000001
2026-07-18,East,D,20.0,8.643722979478483,0.0588408484893361,722.4498996536396,0.37156436369527923,162.70237970518392,117.14571338773241,0.28
2026-07-18,East,E,20.0,7.534543201716064,0.07756774368537077,823.1328352837471,0.0,139.00211371717998,101.47154301354138,0.2700000000000001
2026-07-18,West,A,17.93002147400986,11.331918599963045,0.11012775891692628,754.256773326086,7.563451096600888,180.80561576279123,127.17518176879274,0.2966192934203946
2026-07-18,West,B,18.959268716202917,9.800569570531438,0.10211914308398297,524.7034714513943,7.955571021351512,166.83670741858967,121.07897527882598,0.274266573871891
2026-07-18,West,C,18.811446688621835,9.372541508422666,0.10328115586999463,633.3988701697692,7.052321690441313,158.1014543447137,117.04470902720338,0.25968606985735226
2026-07-18,West,D,18.028866546834674,8.550142284641712,0.12308225920976884,698.4868250686276,5.596878750910021,135.1763209731758,100.24422811989422,0.2584187274945399
2026-07-18,West,E,18.66749706016933,7.594431680341383,0.12517257624876424,509.9150998476552,6.465345987003949,124.02343621555353,93.85995375655145,0.24320792407797634
2026-07-19,North,A,20.0,11.114584663854343,0.11078029435644941,999.8934620767445,0.4074640162278844,197.6661540628576,132.4363232221146,0.32999999999999996
2026-07-19,North,B,20.0,10.154386022568032,0.08937812389399856,1011.4550595031338,0.6798055534191263,184.9361210115092,127.60592349794133,0.31000000000000005
2026-07-19,North,C,20.0,9.215212711574917,0.07598589487971312,1010.5154917894904,2.1587202870170907,170.2997305435798,121.07498881860653,0.28904767827789746
2026-07-19,North,D,20.0,8.93242819768731,0.07082606287431323,934.2380035370135,2.2640960393517098,165.9955895307524,119.77985712861127,0.2784154237638897
2026-07-19,North,E,20.0,7.653452426159332,0.0801104890677556,925.0601703935888,0.6468078237231549,140.80661218485812,102.78882689494642,0.27
2026-07-19,South,A,20.0,11.481853263173196,0.07897133796411973,874.2610265127571,1.4099897410763806,211.5023189734543,141.70655371221437,0.33
2026-07-19,South,B,20.0,10.039021446909054,0.11985214237205,859.0684745935879,0.0906667545346842,176.71646438356092,121.93436042465703,0.31
2026-07-19,South,C,20.0,9.610123353581134,0.06019798025033751,917.3875845532577,1.92592229798611,180.63226675477898,128.24890939589307,0.2900000000000001
2026-07-19,South,D,20.0,8.809085790652736,0.09823744039620633,913.5812214645794,1.0490431734798826,158.8740750069684,114.38933400501725,0.2800000000000001
2026-07-19,South,E,20.0,7.624773252130482,0.06809015858252121,782.0239694628314,1.3136175740394835,142.11202464474303,103.74177799066241,0.27
2026-07-19,East,A,24.083743602812255,11.075857826106098,0.0822242691018738,840.525127540488,0.27349440697745053,244.81495085848576,164.02601707518548,0.3299999999999999
2026-07-19,East,B,24.681702372054566,10.346979486478405,0.09723804706505815,845.9012905002164,3.0597271325012905,230.5483118121767,160.5442449586803,0.30364163720499227
2026-07-19,East,C,24.302006631607696,8.733623585955275,0.09119150501817355,834.8789900152478,1.0066622854000284,192.8896757763748,136.9516698012261,0.29
2026-07-19,East,D,20.0,8.736237881292304,0.09372902579969818,909.2370110930467,1.7148598888947921,158.34797631048713,114.01054294355073,0.27999999999999997
2026-07-19,East,E,20.0,7.675941018879297,0.0881203375937897,958.9948677154455,1.7039994611107143,139.99069009891272,102.19320377220629,0.26999999999999996
2026-07-19,West,A,17.77291082729339,11.467181631228403,0.10029419631168932,749.8450310978701,6.802617235657916,183.3647181778446,128.1381445147507,0.30118429658605256
2026-07-19,West,B,18.686041693768587,10.291128914818211,0.0786026602346863,702.0873290418863,7.026188407375754,177.1851359451864,127.60113905966057,0.2798428695557455
2026-07-19,West,C,18.21849038425397,9.021086572789846,0.11347232015040849,673.247322064879,7.889189023086379,145.70133746675586,108.596325904946,0.2546648658614817
2026-07-19,West,D,19.64736035588456,8.635976800647853,0.13095985871970434,644.4339726414123,5.28108985539292,147.45364574714262,109.06947690515258,0.2603134608676425
2026-07-19,West,E,19.592062529794042,7.254494612594719,0.12289702334077901,522.656214597001,9.080500171147497,124.66309521245908,96.30012190702068,0.2275169989731151
2026-07-20,North,A,20.0,11.252561053564795,0.0983618815375276,886.2262407827725,0.3041213717284641,202.91475952440518,135.95288888135147,0.33
2026-07-20,North,B,20.0,10.45899736834648,0.0892140195203787,871.8298385468834,1.9570649141768626,190.51816345926457,131.45753278689256,0.31
2026-07-20,North,C,22.075020095409716,10.106456010681816,0.09036923148384374,809.1495920305488,1.5996722075468366,202.938824146447,144.08656514397737,0.29
2026-07-20,North,D,20.0,8.446572441513174,0.07198099639599301,1024.4611253765102,1.4839221654731518,156.7715948208424,112.87554827100654,0.27999999999999997
2026-07-20,North,E,20.0,7.560291820882936,0.061875800830012095,896.5662008577045,2.837367642902413,141.8498541991443,104.26307643371607,0.2649757941425855
2026-07-20,South,A,20.0,11.67810752962326,0.09538530026350198,842.2811750506968,0.0,211.28375472801363,141.56011566776914,0.32999999999999996
2026-07-20,South,B,20.0,10.383627727827154,0.07226380123063743,950.9018474776198,0.6678580980260636,192.66534635301034,132.9390889835771,0.3100000000000001
2026-07-20,South,C,20.0,9.235513662637175,0.06332726517538115,952.8688410299278,0.14766698076360152,173.0130767978499,122.83928452647342,0.29000000000000004
2026-07-20,South,D,20.0,8.730613933309051,0.07201110498617838,995.2503221278637,0.7048946975202549,162.03825553527483,116.66754398539787,0.28
2026-07-20,South,E,20.0,7.9128651772951555,0.09980757061223575,851.8534738092686,2.3600895142660754,142.46202654734336,104.30507387120541,0.2678394629144036
2026-07-20,East,A,20.0,11.44748605675045,0.06057440484752901,945.1314004056333,0.5383060012464033,215.08122803724808,144.10442278495623,0.32999999999999996
2026-07-20,East,B,22.686745571120788,9.93760629336626,0.09014182902950112,1005.6920378203972,1.954303305739806,205.12929483220944,141.5392134342245,0.31000000000000005
2026-07-20,East,C,20.125682209337608,9.364645263433594,0.08715616386395317,809.9017990402558,2.479929109697188,172.04356330316202,122.64634223023633,0.287120425341817
2026-07-20,East,D,20.0,8.490254307943118,0.07634375079597076,944.4065758147026,1.9438866303167255,156.84152897726185,112.92590086362853,0.28
2026-07-20,East,E,20.0,7.555764029694665,0.06896404880232312,924.4812971629684,2.597186074156234,140.6937590082393,103.21056619761717,0.26641688355506266
2026-07-20,West,A,18.882557180672933,11.451578114587594,0.07960127187805269,562.7293964259571,6.460903663992105,199.02249127980397,138.67199012087016,0.3032345780160473
2026-07-20,West,B,27.21804068943439,10.469316975929171,0.10877054299686845,572.1356769956444,5.45437966561915,253.9596619969724,180.49580533165008,0.2892737220062851
2026-07-20,West,C,17.95456407521623,9.221302986911324,0.09829102944985443,555.3660059058894,6.122271010443681,149.2909726144326,109.68909764742364,0.265266373937338
2026-07-20,West,D,18.840324219611908,8.636415930685995,0.11472348380884041,736.632940415305,4.716719412009541,144.04588820793538,106.06103307400139,0.2636996835279428
2026-07-20,West,E,19.45316310687297,7.7404097180352585,0.098353786775653,647.5463828175432,8.269550286523229,135.7657867846619,104.21616691741816,0.23238269828086067
2026-07-21,North,A,23.415079682518364,11.074402344327243,0.08745931052000996,989.5781610969816,0.6805710234017025,236.62911327064973,158.54150589133533,0.3299999999999999
2026-07-21,North,B,20.0,9.919094432612503,0.08113706836938879,988.8261599003188,0.5837649989212746,182.28576378942398,125.77717701470253,0.3100000000000001
2026-07-21,North,C,20.0,9.062080844226678,0.08887701528396512,809.759244127004,0.49505256079970694,165.13340293059633,117.24471608072339,0.29000000000000004
2026-07-21,North,D,20.0,8.225082322997798,0.06349984769375816,936.7544876988758,2.3367560312208875,154.0558169643763,111.23146356739542,0.2779794638126747
2026-07-21,North,E,20.0,7.445215989264666,0.0664440266608052,963.4207299299426,3.27631929804058,139.01051719157024,102.54220838417949,0.2623420842117566
2026-07-21,South,A,20.0,11.644048672335874,0.059657207211037566,907.3404286159321,0.8273538488105071,218.98794495829853,146.72192312206002,0.32999999999999996
2026-07-21,South,B,20.0,10.175635218621638,0.0837202026607134,888.5495818584378,1.5783364599531262,186.47457951834284,128.66745986765656,0.31
2026-07-21,South,C,20.0,8.993433781830554,0.08347906262942882,913.8851417123184,1.9108155891994563,164.85340719807,117.04591911062968,0.29000000000000004
2026-07-21,South,D,20.0,8.250268037214203,0.08598322708922101,910.6690823091128,2.9716733006708775,150.81766734046946,109.46799348888318,0.2741699601959748
2026-07-21,South,E,20.0,7.656085113860693,0.06294767866229857,913.061590115562,2.8089431565364635,143.48304656604367,105.43904176480349,0.2651463410607813
2026-07-21,East,A,20.0,11.45830113347678,0.07209445651904577,885.8431937387058,2.811669976816834,212.64442281254412,143.5073458468115,0.32512998013909894
2026-07-21,East,B,20.748786871249212,10.343431614162823,0.06888850094353187,919.2104898575947,1.693709466135157,199.82924489249388,137.88217897582075,0.3100000000000001
2026-07-21,East,C,20.0,9.163174122194402,0.07931356902585292,902.4940799443397,1.6299662921159968,168.72820157915655,119.79702312120114,0.2900000000000001
2026-07-21,East,D,20.0,8.83433580641904,0.06230738881872336,946.6633040273986,1.1578476644995799,165.67782820746638,119.28803630937578,0.28
2026-07-21,East,E,20.0,7.7148513883355205,0.12130365823510006,979.1656457378517,2.1141355241167057,135.58023384380564,99.06641783227589,0.26931518685529976
2026-07-21,West,A,19.16405603503632,11.25177190652568,0.10729481761099169,677.0517253099274,8.115211541942283,192.49365006813437,136.03358188953356,0.29330873074834624
2026-07-21,West,B,20.893275568099504,10.410181857042604,0.11243268364884347,602.1281435455635,8.231264211272503,193.04837494447833,140.42099129070508,0.27261241473236514
2026-07-21,West,C,18.36057970609587,9.251648289389857,0.11078673403325112,638.92797813571,6.413329461167082,151.04676791987606,111.24292012836113,0.26352002323299756
2026-07-21,West,D,18.082288020149466,8.578648750507787,0.09411223628942397,561.3417410421953,8.1472612665916,140.52275709000534,106.35936571520814,0.24311643240045044
2026-07-21,West,E,18.811421393419334,7.8317376044926545,0.11901876948992289,769.1906435860645,6.872451237502927,129.79154324256896,98.54224436001336,0.24076529257498247
2026-07-22,North,A,25.201165327718446,11.464114888334496,0.05216969737171633,860.4368380238379,2.17472206125024,273.8367566885217,183.75769891675773,0.32895166763249856
2026-07-22,North,B,21.333863055591245,10.145299732434317,0.08357059068674566,960.5072259875252,0.7250036185907553,198.35054727690655,136.8618776210655,0.3100000000000001
2026-07-22,North,C,20.0,9.661392356334797,0.11356922952480518,989.2835290042157,3.1326995854665105,171.28310940578027,122.77508152023204,0.28320380248720095
2026-07-22,North,D,20.0,8.791636676436802,0.07855735252585809,1005.2240989821481,0.0,162.01977949533386,116.65424123664037,0.28
2026-07-22,North,E,20.0,7.592165223086141,0.061622236140032746,772.5198090578743,0.9137993234210262,142.48638049789966,104.01505776346674,0.2700000000000001
2026-07-22,South,A,24.704650517307233,11.099172758283954,0.08430246305220014,800.1307588500366,0.6563066522203118,251.0853488395168,168.22718372247627,0.32999999999999996
2026-07-22,South,B,20.0,10.11655015367199,0.09257283658138052,846.9879748168324,0.23239473127129306,183.6006481905755,126.68444725149709,0.31
2026-07-22,South,C,20.0,8.55391332941802,0.10697288614967769,906.4908343656767,3.583598244099669,152.7775306539195,109.92367613997143,0.280498410535402
2026-07-22,South,D,20.0,8.425387768627473,0.09310361303729546,916.6343706929182,0.9856109801779539,152.81907452256038,110.02973365624348,0.27999999999999997
2026-07-22,South,E,20.0,7.457796832479286,0.07210710881012193,831.6178304528792,1.7933208716855082,138.4007332959184,101.03253530602043,0.26999999999999996
2026-07-22,East,A,25.712544504807507,11.382105260087705,0.08191050956972346,888.2265568341134,2.8839625661685586,268.69072176539754,181.44785882232088,0.3246962246029887
2026-07-22,East,B,24.702362652408475,9.751991786029041,0.07294455479539108,1034.6331475444522,1.5276886210760727,223.32509592765973,154.0943161900852,0.31
2026-07-22,East,C,20.0,9.075947534526806,0.10185033276374394,885.1012832702031,0.714979594733128,163.0311851597794,115.75214146344337,0.29000000000000004
2026-07-22,East,D,20.0,8.546127138430695,0.10348655713181622,992.9441026859954,1.948473810073232,153.2343572812744,110.32873724251758,0.28
2026-07-22,East,E,20.0,7.414868647187426,0.07661415210470547,933.8458187347067,0.34089690663239836,136.93569545630794,99.9630576831048,0.27
2026-07-22,West,A,19.266279081024802,11.33205277500563,0.1193379755184785,647.5712972061383,5.3779468335343505,192.27184984748212,132.7190439160336,0.30973231899879383
2026-07-22,West,B,18.355103557143327,10.38597546842862,0.12217117519716528,679.0349046527567,5.412317077542093,167.34547322675598,118.89459142330776,0.28952609753474745
2026-07-22,West,C,18.45039552050389,9.26383877536225,0.11275506450855549,610.5937546312243,8.959839056914785,151.6492258755008,114.00367560280078,0.2482409656585113
2026-07-22,West,D,18.631761526078286,8.798213178738177,0.12380060836836662,574.3087750599475,7.655778486429277,143.63204530085952,108.28917880726547,0.24606532908142434
2026-07-22,West,E,18.56449052824898,7.424532374112258,0.12022128865145476,743.9133135060193,8.058618684459534,121.26224081991383,92.92952586624287,0.23364828789324274
2026-07-23,North,A,20.0,11.83409618435798,0.10194918495106929,949.6155521333665,1.7637469823406602,212.5523944746025,142.41010429798368,0.32999999999999996
2026-07-23,North,B,22.11059279936622,10.548943038203062,0.09092102788147588,1040.686542427979,0.17231172256143124,212.03665576327285,146.30529247665825,0.31000000000000005
2026-07-23,North,C,21.571259341306046,8.97261894868181,0.06455562391463886,880.5217973142694,2.004813430404084,181.05590474048464,128.55492136572437,0.28997111941757564
2026-07-23,North,D,20.0,8.685851710319566,0.07150337168004807,927.0072927510384,0.38389200731566264,161.29568054237612,116.1328899905108,0.28
2026-07-23,North,E,20.0,7.636523946433099,0.05985010344556603,950.0466323727998,1.2478172755253625,143.58954396549072,104.82036709480822,0.27
2026-07-23,South,A,22.643054722625276,11.302910507281682,0.06247603446022923,939.2722957913586,1.515763689751792,239.94277837860065,160.76166151366243,0.33
2026-07-23,South,B,20.0,10.071960038909673,0.08446736663729905,914.360128111632,3.002355471275995,184.4241619509373,128.3618231527488,0.3039858671723441
2026-07-23,South,C,20.0,9.15080008452516,0.11065935456818914,902.0807263280316,0.21260918688440444,162.7635690677815,115.56213403812487,0.29
2026-07-23,South,D,20.0,8.523970739818767,0.08291378229730657,905.9348300480567,2.6399719860629247,156.34432171177642,113.1682475489323,0.2761601680836224
2026-07-23,South,E,20.0,7.570586085303379,0.0747479483903805,772.8039079615893,0.8308170169613942,140.0940061462838,102.26862448678716,0.27
2026-07-23,East,A,24.403323971740715,12.01350007211796,0.08687353215928792,871.0878072489882,2.1867473541616795,267.70067870348123,179.6594090920634,0.32887951587502984
2026-07-23,East,B,20.0,10.446160372083314,0.11013040460434731,956.3671240809615,2.9879479357968197,185.9144100748776,129.3829854976757,0.3040723123852191
2026-07-23,East,C,20.0,9.15242972856683,0.06869739020857618,821.1241149568041,0.051832478697342976,170.47363384293803,121.03628002848599,0.29000000000000004
2026-07-23,East,D,20.0,8.42700193464333,0.057958374429204734,877.7098772873838,1.462676620950264,158.7717320239928,114.31564705727482,0.27999999999999997
2026-07-23,East,E,20.0,7.507455247344982,0.07518570498925484,964.8669115343158,0.8833628600755333,138.86003863796137,101.36782820571179,0.2700000000000001
2026-07-23,West,A,18.423368745860802,11.003550252322258,0.1149907577051768,705.0120117250214,6.557153681113212,179.41125409452405,125.11116818551112,0.30265707791332064
2026-07-23,West,B,24.870394395172944,10.1189431875187,0.12005343587398956,600.5144067933978,10.031575004797034,221.4492071989383,163.4714684714941,0.26181054997121783
2026-07-23,West,C,18.25232963650774,9.125083572459278,0.11320672985134132,769.848487730736,8.536200711802826,147.69899586891023,110.65862875851187,0.25078279572918305
2026-07-23,West,D,18.68274292691032,8.736962461046014,0.1518944036834759,602.2983683496201,8.410509621783158,138.43663576275569,104.9990740625707,0.2415369422693011
2026-07-23,West,E,18.40264581258672,7.5236272780850255,0.1281019380203788,530.9467029151705,8.005326998083563,120.71833928464488,92.4741062902101,0.23396803801149862
2026-07-24,North,A,25.728806221095603,11.775863301178127,0.07325536863991793,815.4067642867037,1.7123665279879456,280.7840735890042,188.12532930463283,0.32999999999999996
2026-07-24,North,B,20.0,10.231041308033344,0.08047110181369765,849.8818252692097,0.5331239082693655,188.15476282548892,129.82678634958734,0.31000000000000005
2026-07-24,North,C,20.0,9.213764964228302,0.0504854120496215,769.5940916517375,0.48842277043980387,174.9720848696174,124.23018025742834,0.29000000000000004
2026-07-24,North,D,20.0,8.049316612486324,0.08047593797803311,1017.1403786889631,3.1395240157474236,148.03080616028646,107.59428838754684,0.2731628559055155
2026-07-24,North,E,20.0,7.674602400407738,0.06516543055429318,892.0571031926949,0.30686396428974194,143.48967261304313,104.74746100752148,0.27
2026-07-24,South,A,25.168063600274333,11.64991471855509,0.06927288607275679,742.9404167682825,2.2050339974100024,272.8945829709443,183.17508659384114,0.32876979601553985
2026-07-24,South,B,20.0,9.994027113824687,0.08117481037608397,890.0970234466081,1.2971720363400003,183.65527715933052,126.72214123993805,0.31000000000000005
2026-07-24,South,C,20.0,9.105601810247272,0.08810196450437335,880.0953728376809,1.6493310261023828,166.06760805539818,117.9080017193327,0.29000000000000004
2026-07-24,South,D,20.0,8.70653088591319,0.07165961163916057,981.333459413261,1.4405972693273241,161.6524852780859,116.38978940022184,0.27999999999999997
2026-07-24,South,E,20.0,8.051175549063986,0.05991267537890637,833.4867002186792,1.1546353887952634,151.37616163948655,110.50459799682518,0.27
2026-07-24,East,A,33.27521807223536,11.374162492788212,0.07248738265207201,906.6921965525765,1.1292512600600808,351.04287676496176,235.1987274325244,0.3299999999999999
2026-07-24,East,B,20.0,10.166778298844399,0.02706185070464394,901.2464635040651,1.5571598360018273,197.83292924747715,136.50472118075922,0.3100000000000001
2026-07-24,East,C,22.21043110164367,9.42726523706985,0.07718437907912304,822.8901853688635,2.3162290816739555,193.22247993798064,137.55457616030355,0.2881026255099563
2026-07-24,East,D,20.0,8.356881050216355,0.062229537978049185,998.0330713038445,1.3144113217959494,156.73672407047755,112.85044133074383,0.28
2026-07-24,East,E,20.0,7.974122036919595,0.06876900929276294,854.3487973934139,2.54785110454799,148.5149912892209,108.90412825324965,0.2667128933727121
2026-07-24,West,A,20.034981654257955,11.554170707164854,0.12025194863081365,518.990818579457,8.131047572003892,203.6507633870232,143.93756657971005,0.29321371456797657
2026-07-24,West,B,19.314679058761847,10.117204901486962,0.1247914886645507,612.0573105896716,7.287325784387341,171.02499025646213,123.43283232150438,0.278276045293676
2026-07-24,West,C,18.717463716460685,8.801030379714721,0.11414335655374319,503.25881980056295,6.506107990243032,145.92979303419543,107.55560549271415,0.2629633520585418
2026-07-24,West,D,18.90027999267123,8.650604846492271,0.12436086967317561,639.5833365477929,6.017904188178133,143.16599406738348,106.53087921152427,0.25589257487093114
2026-07-24,West,E,18.68849181680025,7.976979854308716,0.12107864264253261,639.1968559248864,4.0311117418272016,131.02759441363716,97.2469340350566,0.25781332954903674
2026-07-25,North,A,21.04778154014637,11.673963939006695,0.10095005707922287,1059.6291418346236,1.4737305703280317,220.90649891062725,148.00735427012026,0.32999999999999996
2026-07-25,North,B,20.0,9.872445901570842,0.0715689218733482,941.4489005807366,1.127253299692178,183.31771184284923,126.48922117156596,0.31000000000000005
2026-07-25,North,C,20.0,9.02550602929765,0.0775843957880587,956.7990767175803,1.0518791923444564,166.50535194666224,118.21879988213018,0.29000000000000004
2026-07-25,North,D,20.0,8.79164178377599,0.075034622283332,804.5202039816068,2.702527567647902,162.63928526559997,117.78583688012178,0.2757848345941126
2026-07-25,North,E,20.0,7.2965495784771965,0.08013817538948134,857.8500543552259,2.702378116577756,134.2363481723829,98.55824220627306,0.26578573130053357
2026-07-25,South,A,20.0,11.445995511172665,0.08859242185081483,862.6608129458449,1.0223746966454261,208.63934096688646,139.78835844781395,0.3299999999999999
2026-07-25,South,B,20.0,10.05706972220572,0.09766192629402999,848.210184282646,1.5909260084784766,181.49753840523485,125.23330149961204,0.31000000000000005
2026-07-25,South,C,20.3984370032886,8.953696624484953,0.10129933369223698,903.9208138462268,2.9036069779001004,164.13996274089294,117.42928164014357,0.2845783581325995
2026-07-25,South,D,20.0,9.07237515383644,0.08580914084396819,966.9289540342539,1.17611297527941,165.87764872943143,119.43190708519063,0.27999999999999997
2026-07-25,South,E,20.0,7.92773458747161,0.07006478316980155,816.9890838828544,1.8184734127743922,147.44559165145353,107.63528190556107,0.27
2026-07-25,East,A,25.23777420201624,11.494263657593203,0.08421513883230218,882.4307825588147,1.3536502761595297,265.659692276406,177.99199382519205,0.3299999999999999
2026-07-25,East,B,20.0,10.397607553671058,0.10234556055112157,938.7478353479767,0.9433316410899147,186.66917160400035,128.80172840676025,0.31
2026-07-25,East,C,20.0,9.102024452837215,0.05710106399952925,845.3312634193901,0.1984026488894075,171.64578344060953,121.86850624283277,0.29000000000000004
2026-07-25,East,D,20.0,8.852007682476403,0.08551554843769571,746.683492651252,1.4700389516008783,161.90046781469476,116.56833682658022,0.28
2026-07-25,East,E,20.0,7.59941465295326,0.10955734948225965,960.4658610088707,0.8013558041269182,135.33685851918108,98.79590671900219,0.26999999999999996
2026-07-25,West,A,18.325900442646127,11.513809814822217,0.14194989845808328,589.8703435918069,8.07211892395822,181.04937145580888,127.89919876291731,0.29356728645625063
2026-07-25,West,B,23.093600578518785,10.268406818633652,0.12919818289437818,622.3203607798196,7.129946500934203,206.49714100004476,148.83894300558745,0.27922032099439487
2026-07-25,West,C,18.77536208135295,8.680144066252678,0.08858155895591543,553.9317175042023,7.918056533392509,148.53645883994045,110.7351687404659,0.254491660799645
2026-07-25,West,D,17.9735540745168,7.822567564304762,0.10734781899277047,809.3458172962602,9.111560750645928,125.50630849769134,95.71981654316161,0.2373306354961244
2026-07-25,West,E,18.460308680194334,7.853214052037138,0.12391225718120571,690.3223891582184,8.377420056020348,127.00885416446565,97.57639642310367,0.23173547966387797
2026-07-26,North,A,24.260978020473782,11.704010476313778,0.0771404379561206,979.3319288690747,1.1487510811657584,262.0466564049224,175.571259791298,0.33
2026-07-26,North,B,25.828026709893173,10.012651054771307,0.07604934986828038,934.0619298424027,1.850933076454698,238.94012322231535,164.86868502339757,0.31000000000000005
2026-07-26,North,C,20.0,9.57088015758601,0.08633142898317757,1023.1218857058228,2.031383408470553,174.89224793909742,124.2064283258916,0.28981169954917674
2026-07-26,North,D,20.0,8.47789203088943,0.06120016656467557,795.7750733245246,1.3276495277464218,159.18087252963323,114.61022822133593,0.27999999999999997
2026-07-26,North,E,20.0,7.7049991875174975,0.0758439603944219,953.3026490632293,1.3995762921821522,142.41243068600735,103.96107440078536,0.27
2026-07-26,South,A,20.0,11.551041966863131,0.09049264709688117,947.9456603991414,0.0,210.11515205109043,140.7771518742306,0.3299999999999999
2026-07-26,South,B,20.0,10.170601379037116,0.0625491334385716,819.0015262093357,2.931246579290015,190.68878152458407,132.6407289049855,0.30441252052425993
2026-07-26,South,C,20.0,9.13333803539908,0.07379445529968766,936.8070639408395,0.0,169.1869666001777,120.12274628612616,0.29000000000000004
2026-07-26,South,D,20.0,8.24093975685422,0.07137172594368824,990.6827856909206,2.3022223921551404,153.0553932601915,110.47742374983791,0.27818666564706923
2026-07-26,South,E,20.0,7.561681552384441,0.04359037632807266,1002.9401617457229,1.8908530212185584,144.6413001568592,105.5881491145072,0.27
2026-07-26,East,A,28.22833420828472,11.61573725243593,0.062157458534923216,1035.367007912197,0.974692996371585,307.51192307893643,206.03298846288743,0.32999999999999996
2026-07-26,East,B,20.0,9.913039692962403,0.09413827326747927,817.2771414456764,1.068840755194472,179.59686506869878,123.92183689740214,0.31000000000000005
2026-07-26,East,C,24.447004213018413,9.215263994536285,0.07427298253434234,1043.3184594701956,0.35422516410048455,208.5529644354055,148.0726047491379,0.29000000000000004
2026-07-26,East,D,20.0,8.849332015617373,0.0934045031691416,864.0941219507154,0.9790984383367659,160.45529110639706,115.52780959660588,0.28
2026-07-26,East,E,20.0,7.965629333154994,0.051846260358188984,891.5149636693466,2.0497802609821925,151.0528248166283,110.31367881038747,0.2697013184341068
2026-07-26,West,A,19.229271611549322,11.565436523679299,0.0866315148399602,586.9659784525819,6.033753381197902,203.1285113885946,141.01232454814703,0.3057974797128125
2026-07-26,West,B,18.55670476894406,10.648640757095514,0.11835917974780823,770.220773894077,5.873150297828906,174.21547291808503,124.25725257839316,0.28676109821302664
2026-07-26,West,C,17.989321753791213,9.245836766541151,0.1509197630832344,765.5052974497124,7.77962260250173,141.22440178450864,105.16666773447233,0.2553222643849896
2026-07-26,West,D,18.912164383291465,8.641282010127208,0.12438320826551418,729.9330574664,5.1937481184422065,143.09797702819756,105.7726568296224,0.2608375112893467
2026-07-26,West,E,18.1621178068455,7.280545288491838,0.12098696319888128,607.3607057490312,8.63199685612624,116.23200041690788,89.47446187241992,0.23020801886324266
2026-07-27,North,A,23.82445703442321,11.65327392269377,0.09341036604635389,818.2050060564471,1.8120664240788975,251.6991308352841,168.63841765964037,0.32999999999999996
2026-07-27,North,B,21.4517008068459,10.199654729942914,0.07275893833514986,851.6819975126734,1.2053641628062879,202.88029014126695,139.9874001974742,0.31000000000000005
2026-07-27,North,C,20.444218894272144,8.745471316604995,0.06509771097790373,1012.96255937673,1.1712271153283051,167.15522831596348,118.68021210433407,0.29
2026-07-27,North,D,20.0,8.089789799188194,0.10027020633128729,817.8194171784149,2.8494202169836838,145.57249813693704,105.55411199632067,0.27490347869809795
2026-07-27,North,E,20.0,7.581944594413189,0.09683636613949734,839.0420914947125,3.091261969800202,136.9547326323842,100.87367576947571,0.2634524281811989
2026-07-27,South,A,28.079895523314825,10.943016901045825,0.07447924079256069,980.6635917447012,1.0827893307842529,284.392881693793,190.54323073484133,0.32999999999999996
2026-07-27,South,B,23.051512329698898,10.438555913858348,0.05974174926881158,935.6329378015445,2.3626190317989217,226.24917178456153,156.6041820650544,0.3078242858092065
2026-07-27,South,C,20.0,8.583246542799579,0.09556983935031164,810.0372535281588,1.3199006990207556,155.2589409920021,110.23384810432148,0.29000000000000004
2026-07-27,South,D,20.0,8.5910102702783,0.07875723309998679,1031.9889832494878,0.0,158.28812143715223,113.9674474347496,0.28
2026-07-27,South,E,20.0,7.516155637081633,0.07557358016146569,820.9265022981767,1.859487394713176,138.96265693073184,101.44273955943424,0.26999999999999996
2026-07-27,East,A,24.293382182684844,11.167316890784809,0.07894198674732252,821.73412123713,0.3314285001431412,249.87557583091186,167.41663580671096,0.32999999999999996
2026-07-27,East,B,27.668613068091048,10.214806473571137,0.08311109728101751,858.2098769035266,0.0,259.13987769632666,178.8065156104654,0.31
2026-07-27,East,C,20.0,9.148534066486876,0.04768955267969442,925.6591162484782,1.7071379166570813,174.2448913836234,123.71387288237261,0.29000000000000004
2026-07-27,East,D,21.5388099909935,8.336192220265414,0.04636896919796494,823.205447279201,0.5032292481948446,171.22603487569594,123.28274511050108,0.27999999999999997
2026-07-27,East,E,20.0,6.92081585290117,0.07327465309891067,900.5048723983545,2.9257954735772547,128.2739094423679,94.3524863213674,0.26444522715853647
2026-07-27,West,A,23.685328291877294,11.089550416612228,0.09177641113350701,691.8111887272876,8.540516820054378,238.55368291359994,169.19255380560588,0.2907568990796737
2026-07-27,West,B,22.5796287170322,10.881957677467042,0.11402558105881136,400.4494436242885,4.680589499996115,217.6932742311041,153.70963705020387,0.29391646300002333
2026-07-27,West,C,18.674116607133794,9.470572449840448,0.11530123712281343,667.9662401274661,5.9676953136947475,156.46302306108905,114.8135319935692,0.26619382811783154
2026-07-27,West,D,23.347576919357987,8.609712204158857,0.13777530000632615,660.9428797702567,5.20573347667581,173.3208895398851,128.1247639355487,0.26076559913994507
2026-07-27,West,E,22.41350516692812,7.956994942277113,0.12472872549644026,708.62393252148,6.327316894900798,156.09950906546393,118.00559387497688,0.24403609863059525
2026-07-28,North,A,24.381608359922343,11.80830504137768,0.06269635052477057,906.8272450750917,0.9874551223222691,269.8548467163763,180.80274729997214,0.32999999999999996
2026-07-28,North,B,20.0,10.413508015308796,0.1315389142397678,848.5362493286378,1.9193207085258797,180.87452955095915,124.8034253901618,0.31000000000000005
2026-07-28,North,C,20.0,9.018686521603598,0.06589625170956814,931.6415145048959,1.967549791975423,168.48777768972636,119.62632215970571,0.29000000000000004
2026-07-28,North,D,20.0,8.996238753445946,0.06896829021140159,944.7413866122872,1.3805689321018257,167.51567096574456,120.61128309533608,0.28
2026-07-28,North,E,20.0,7.9193941303857995,0.08642744718489859,853.4424279580443,2.550912700787997,144.6988222489097,106.1084387555,0.2666945237952721
2026-07-28,South,A,24.439084250196792,11.7261822875391,0.10269330012130304,836.4971819079253,0.0,257.1476028811708,172.28889393038446,0.32999999999999996
2026-07-28,South,B,21.128854374074976,9.53715888002965,0.08738009260682525,859.6537326714692,2.559804424931367,183.9013449684914,127.5096207482442,0.30664117345041186
2026-07-28,South,C,20.0,8.831465663190023,0.07217679320402895,852.2011107874135,1.0074314980382424,163.8807758465895,116.35535085107854,0.29000000000000004
2026-07-28,South,D,20.0,8.432248803777902,0.07575343526515818,872.4070399818092,3.3741318998610565,155.8695397976241,113.51118049540482,0.2717552086008337
2026-07-28,South,E,20.0,7.455779258380924,0.07115606336237815,790.0043626532234,0.0,138.50510714111334,101.10872821301274,0.27
2026-07-28,East,A,20.0,11.545924208690018,0.09614260482926879,861.5646239055828,0.0,208.7173796021049,139.8406443334103,0.32999999999999996
2026-07-28,East,B,20.0,10.133930726466613,0.09613654240560726,896.6738119460213,1.0531175983920247,183.19379330892338,126.40371738315712,0.31000000000000005
2026-07-28,East,C,25.028993662558236,9.214475232626977,0.06859862216274797,842.0715692018397,1.6589152858357252,214.80820767550247,152.51382744960674,0.2900000000000001
2026-07-28,East,D,20.0,8.62883503851819,0.059492604492523214,891.7698719402856,1.6751494173857737,162.30966336680802,116.86295762410177,0.2800000000000001
2026-07-28,East,E,20.0,7.807836762754783,0.08716174406186908,965.3331014604801,1.1968066466202476,142.54584186325397,104.0584645601754,0.27
2026-07-28,West,A,18.788107962345794,11.169869501657626,0.061893271324392,661.3408449972343,7.3276135243381955,196.8717480029452,138.19721068529682,0.29803431885397086
2026-07-28,West,B,18.41678445504814,10.302314187153215,0.10013257871494943,677.9613639963557,7.919988713335315,170.73679490694656,123.87294787859415,0.2744800677199881
2026-07-28,West,C,19.09551989660901,8.844686604129349,0.11649494197807407,706.842449256157,5.604833372389148,149.2186052256057,109.1726589575718,0.2683709997656651
2026-07-28,West,D,18.63832300446236,8.592231540231554,0.1332300241934527,607.5939643186757,6.652414677011565,138.8086929593477,103.81703253325551,0.25208551193793055
2026-07-28,West,E,19.112574038982665,7.32933706896931,0.11634529409304561,586.8875692724728,7.581848139484781,123.78455803151822,94.50840699267934,0.23650891116309142
2026-07-29,North,A,20.0,11.777237643239108,0.09850051325120815,1016.2674137842583,1.2069487965981174,212.3434738139721,142.27012745536132,0.32999999999999996
2026-07-29,North,B,20.959384018404993,9.980681889714857,0.07438765108416187,964.6145291313654,2.6327623061066516,193.62787027853324,134.33835299853172,0.3062034261633601
2026-07-29,North,C,20.0,9.065185671952376,0.08305284474164767,1065.0459806362303,0.9923954109243911,166.24592427571014,118.0346062357542,0.29
2026-07-29,North,D,20.0,8.484546952274238,0.09786276566387135,970.5199327432126,1.134786465161165,153.0845144423942,110.22085039852382,0.28
2026-07-29,North,E,20.0,7.486586488438608,0.0957360562756587,845.8693000895805,3.070197720589671,135.39700446137724,99.7092226501008,0.26357881367646196
2026-07-29,South,A,20.0,11.641861607592615,0.07065449157623431,961.348351731601,1.231422082244606,216.38623589414556,144.97877804907753,0.32999999999999996
2026-07-29,South,B,20.0,9.708643562116078,0.06048373346591178,769.5603796068981,1.5099555857202809,182.42857105179021,125.87571402573523,0.31000000000000005
2026-07-29,South,C,20.0,8.751975870939003,0.10459908510298398,825.9262028360552,3.6651425947656726,156.73054403990784,112.84455849702445,0.28000914443140595
2026-07-29,South,D,20.0,8.259899067000786,0.07536026596918233,867.331801659146,3.3034693279558054,152.74861752866013,111.17362344765286,0.2721791840322652
2026-07-29,South,E,20.0,7.364367683193075,0.09719284066497295,869.0041874927865,0.0,132.97207736724428,97.06961647808832,0.27
2026-07-29,East,A,23.224467306012635,11.334730667537272,0.09295318261596751,801.157234098434,2.702027283970474,238.77379955474007,160.9842000335842,0.3257878362961772
2026-07-29,East,B,30.570774220302535,9.84418529391162,0.09932946022513763,864.740923202033,1.6498276985356943,271.05172457012094,187.02568995338342,0.3100000000000001
2026-07-29,East,C,20.0,9.091621802334922,0.08312626792795673,883.6242029625126,0.5798456486284747,166.71738424988752,118.36934281742013,0.29000000000000004
2026-07-29,East,D,20.0,8.196237618231532,0.06774032446313155,870.5891561074637,0.3500253673045606,152.82043645191206,110.03071424537667,0.2800000000000001
2026-07-29,East,E,20.0,7.63017758854449,0.10961517164990976,932.8538676349932,0.0,135.87588724913783,99.18939769187061,0.2700000000000001
2026-07-29,West,A,21.180179334191884,11.703917585592992,0.11071596964767452,627.5383907657947,6.090939036946339,220.44557281969458,153.10951018541587,0.305454365778322
2026-07-29,West,B,18.851912729714112,10.078234490542227,0.10698939572118106,682.0164302676199,10.074297428660133,169.6666541464891,125.28962553690366,0.26155421542803925
2026-07-29,West,C,18.9973860838534,8.868709819388194,0.10066922421361303,725.3754468952767,5.324910803481783,151.52132161638156,110.60290762283176,0.2700505351791094
2026-07-29,West,D,20.421445109093668,8.147158136480915,0.1499724286893828,543.3368968118621,5.441087220502693,141.42481850221512,104.7458001352542,0.25935347667698383
2026-07-29,West,E,18.531156227420652,7.389397241950805,0.10798815787394829,755.842437867497,6.502290632704524,122.14681623819257,92.46681865326394,0.2429862562037729
